claim_id,claimant_id,claim_type,claimed_area,gis_area,overlap_pct,overlapping_claims_count,name_similarity_score,survey_number_matched,missing_doc_count,historical_claim_count,is_anomaly
FRA_10000,CLM_202,IFR,2.27,2.37,6.35,0,0.91,YES,0,0,0
FRA_10001,CLM_535,IFR,1.93,1.94,6.77,0,0.96,YES,0,0,0
FRA_10002,CLM_370,IFR,3.34,3.22,8.33,0,0.98,YES,0,0,0
FRA_10003,CLM_206,IFR,3.43,1.37,89.9,3,0.64,NO,1,2,1
FRA_10004,CLM_171,IFR,1.66,1.73,2.15,0,0.93,YES,0,0,0
FRA_10005,CLM_120,CFR,2.93,2.99,6.97,0,0.89,YES,0,0,0
FRA_10006,CLM_221,CFR,3.2,3.31,8.2,0,0.87,YES,0,0,0
FRA_10007,CLM_566,IFR,2.79,2.82,4.54,0,1.0,YES,0,0,0
FRA_10008,CLM_314,IFR,1.03,1.03,4.31,0,0.88,YES,0,0,0
FRA_10009,CLM_430,IFR,3.57,3.7,4.2,0,0.99,YES,0,0,0
FRA_10010,CLM_558,IFR,2.39,2.3,5.65,0,0.97,YES,0,0,0
FRA_10011,CLM_187,CFR,1.49,1.52,3.41,0,0.86,YES,0,0,0
FRA_10012,CLM_472,IFR,1.99,1.96,0.77,0,0.97,YES,0,1,0
FRA_10013,CLM_199,IFR,0.63,0.62,2.65,0,0.89,YES,0,0,0
FRA_10014,CLM_230,IFR,0.95,0.99,2.14,0,0.85,YES,0,1,0
FRA_10015,CLM_408,IFR,3.18,3.25,9.47,0,0.9,YES,0,0,0
FRA_10016,CLM_443,IFR,0.5,0.51,3.64,0,0.85,YES,0,0,0
FRA_10017,CLM_591,IFR,1.96,1.96,5.66,0,0.87,YES,0,0,0
FRA_10018,CLM_513,IFR,2.33,2.26,0.93,0,0.87,YES,0,0,0
FRA_10019,CLM_485,CFR,0.69,0.68,2.59,0,0.86,YES,0,0,0
FRA_10020,CLM_291,CFR,3.91,7.03,55.25,2,0.33,NO,2,5,1
FRA_10021,CLM_376,IFR,1.29,1.23,4.93,0,0.9,YES,0,0,0
FRA_10022,CLM_260,IFR,1.56,1.57,1.61,0,0.97,YES,0,0,0
FRA_10023,CLM_559,IFR,1.56,1.51,1.49,0,0.9,YES,0,0,0
FRA_10024,CLM_413,IFR,1.31,1.33,0.57,0,0.91,YES,0,0,0
FRA_10025,CLM_121,IFR,0.51,0.49,6.42,0,0.98,YES,0,1,0
FRA_10026,CLM_352,IFR,3.05,1.22,48.8,4,0.56,YES,3,2,1
FRA_10027,CLM_660,IFR,3.88,3.74,5.46,0,0.86,YES,0,0,0
FRA_10028,CLM_574,IFR,1.29,1.29,0.82,0,1.0,YES,0,0,0
FRA_10029,CLM_158,IFR,2.82,2.81,5.05,0,0.88,YES,0,0,0
FRA_10030,CLM_610,IFR,3.1,7.74,69.67,2,0.56,YES,2,5,1
FRA_10031,CLM_575,CFR,3.47,3.44,4.27,0,0.93,YES,0,1,0
FRA_10032,CLM_289,CFR,1.98,1.92,9.34,0,0.97,YES,0,0,0
FRA_10033,CLM_662,IFR,1.56,1.6,0.16,0,0.86,YES,0,1,0
FRA_10034,CLM_666,CFR,1.64,1.72,2.94,0,0.96,YES,0,0,0
FRA_10035,CLM_343,IFR,2.99,3.1,1.03,0,1.0,YES,0,0,0
FRA_10036,CLM_604,CFR,3.36,3.48,3.24,0,0.94,YES,0,0,0
FRA_10037,CLM_230,CFR,1.14,1.16,5.75,0,0.89,YES,0,0,0
FRA_10038,CLM_584,IFR,1.8,1.75,6.92,0,0.94,YES,0,0,0
FRA_10039,CLM_120,IFR,3.66,3.55,0.6,0,0.94,YES,0,0,0
FRA_10040,CLM_266,IFR,3.32,3.17,7.34,0,0.92,YES,0,1,0
FRA_10041,CLM_373,IFR,3.95,3.88,4.65,0,0.86,YES,0,0,0
FRA_10042,CLM_487,IFR,3.14,2.99,6.31,0,0.93,YES,0,0,0
FRA_10043,CLM_415,IFR,1.88,1.84,6.64,1,0.86,YES,0,1,0
FRA_10044,CLM_113,IFR,2.57,2.59,5.64,0,0.86,YES,0,0,0
FRA_10045,CLM_341,CFR,2.81,2.84,3.41,1,0.91,YES,0,0,0
FRA_10046,CLM_445,CFR,0.77,0.79,2.93,0,0.95,YES,0,1,0
FRA_10047,CLM_664,IFR,2.41,2.48,6.76,0,0.99,YES,0,0,0
FRA_10048,CLM_439,IFR,2.98,2.83,2.72,0,0.95,YES,0,0,0
FRA_10049,CLM_191,IFR,1.09,1.1,0.16,0,0.9,YES,0,0,0
FRA_10050,CLM_466,IFR,3.23,3.25,3.43,0,0.86,YES,0,0,0
FRA_10051,CLM_554,CFR,2.54,2.65,6.5,0,0.91,YES,0,0,0
FRA_10052,CLM_527,IFR,3.83,3.94,1.18,0,0.96,YES,0,0,0
FRA_10053,CLM_608,IFR,0.65,0.63,0.13,0,0.98,YES,0,1,0
FRA_10054,CLM_134,IFR,1.43,1.44,5.14,0,0.93,YES,0,0,0
FRA_10055,CLM_305,IFR,2.61,2.63,3.89,0,0.86,YES,0,0,0
FRA_10056,CLM_180,IFR,1.54,1.48,1.77,1,0.92,YES,0,0,0
FRA_10057,CLM_661,CFR,3.0,3.11,9.96,0,0.97,YES,0,0,0
FRA_10058,CLM_487,IFR,3.16,3.1,4.03,0,0.95,YES,0,0,0
FRA_10059,CLM_101,IFR,0.86,0.83,6.32,0,0.94,YES,0,0,0
FRA_10060,CLM_489,IFR,2.3,2.34,7.53,0,0.92,YES,0,0,0
FRA_10061,CLM_665,CFR,2.28,2.31,1.87,0,0.89,YES,0,0,0
FRA_10062,CLM_205,CFR,1.79,1.81,8.5,0,0.87,YES,0,1,0
FRA_10063,CLM_576,IFR,3.77,3.62,4.78,0,0.93,YES,0,0,0
FRA_10064,CLM_501,IFR,3.4,3.25,1.05,0,0.93,YES,0,0,0
FRA_10065,CLM_655,IFR,2.94,2.98,8.2,0,0.92,YES,0,0,0
FRA_10066,CLM_261,IFR,3.0,2.93,3.08,0,0.98,YES,0,0,0
FRA_10067,CLM_301,CFR,2.12,2.13,7.3,0,0.95,YES,0,0,0
FRA_10068,CLM_369,IFR,3.72,1.49,77.03,3,0.52,NO,1,2,1
FRA_10069,CLM_370,IFR,2.93,5.28,78.94,2,0.69,YES,2,2,1
FRA_10070,CLM_555,IFR,3.05,3.19,6.28,1,0.95,YES,0,0,0
FRA_10071,CLM_561,IFR,3.52,3.47,5.5,0,0.9,YES,0,0,0
FRA_10072,CLM_351,IFR,1.46,1.44,8.16,0,0.86,YES,0,0,0
FRA_10073,CLM_395,IFR,3.32,3.18,4.99,0,0.87,YES,0,1,0
FRA_10074,CLM_437,IFR,1.18,1.23,4.52,1,0.85,YES,0,0,0
FRA_10075,CLM_152,IFR,1.71,1.73,4.57,0,0.92,YES,0,0,0
FRA_10076,CLM_316,IFR,1.67,1.71,1.35,0,0.88,YES,0,0,0
FRA_10077,CLM_287,IFR,3.92,3.93,1.11,0,0.89,YES,0,0,0
FRA_10078,CLM_479,IFR,3.5,3.56,0.38,0,0.95,YES,0,0,0
FRA_10079,CLM_592,IFR,2.95,2.82,3.64,0,0.87,YES,0,0,0
FRA_10080,CLM_140,IFR,3.04,2.98,5.3,0,0.94,YES,0,0,0
FRA_10081,CLM_256,IFR,2.47,2.39,8.79,0,0.98,YES,0,0,0
FRA_10082,CLM_114,IFR,3.81,3.86,5.24,0,0.92,YES,0,0,0
FRA_10083,CLM_164,IFR,2.24,2.17,3.15,0,0.99,YES,0,0,0
FRA_10084,CLM_620,IFR,1.83,1.8,1.95,0,0.9,YES,0,1,0
FRA_10085,CLM_443,CFR,1.07,1.05,3.94,0,0.97,YES,0,0,0
FRA_10086,CLM_228,IFR,3.25,3.23,9.96,0,0.98,YES,0,0,0
FRA_10087,CLM_571,IFR,3.07,3.16,6.18,0,0.98,YES,0,0,0
FRA_10088,CLM_162,IFR,1.85,1.79,5.67,0,0.94,YES,0,0,0
FRA_10089,CLM_238,IFR,0.59,1.06,42.63,4,0.66,NO,1,3,1
FRA_10090,CLM_598,IFR,3.44,3.42,0.48,0,0.97,YES,0,0,0
FRA_10091,CLM_692,IFR,0.54,0.53,8.0,0,0.97,YES,0,0,0
FRA_10092,CLM_491,IFR,2.96,3.05,5.99,0,0.99,YES,0,0,0
FRA_10093,CLM_518,IFR,3.9,3.94,2.2,0,0.94,YES,0,0,0
FRA_10094,CLM_388,IFR,2.03,1.94,6.04,0,0.93,YES,0,0,0
FRA_10095,CLM_478,CFR,1.32,1.34,0.8,0,0.87,YES,0,0,0
FRA_10096,CLM_589,IFR,2.97,2.88,3.87,0,0.91,YES,0,0,0
FRA_10097,CLM_330,IFR,3.36,3.35,3.83,0,0.87,YES,0,0,0
FRA_10098,CLM_140,IFR,2.41,2.31,0.71,0,0.93,YES,0,1,0
FRA_10099,CLM_127,IFR,3.88,3.91,9.6,0,0.86,YES,0,0,0
FRA_10100,CLM_234,IFR,0.68,0.66,5.41,0,0.86,YES,0,1,0
FRA_10101,CLM_300,IFR,2.27,2.34,2.97,0,0.88,YES,0,0,0
FRA_10102,CLM_132,IFR,3.01,2.9,5.19,0,0.9,YES,0,1,0
FRA_10103,CLM_147,CFR,3.52,3.58,9.49,0,0.91,YES,0,0,0
FRA_10104,CLM_602,CFR,1.13,1.08,0.04,0,0.95,YES,0,0,0
FRA_10105,CLM_506,IFR,3.3,3.3,4.15,0,0.9,YES,0,0,0
FRA_10106,CLM_673,IFR,2.43,2.34,9.57,0,0.96,YES,0,0,0
FRA_10107,CLM_198,IFR,1.89,1.87,2.37,0,0.88,YES,0,0,0
FRA_10108,CLM_646,IFR,0.96,0.98,5.47,0,0.99,YES,0,0,0
FRA_10109,CLM_561,IFR,3.53,3.45,3.5,0,1.0,YES,0,0,0
FRA_10110,CLM_104,CFR,1.05,1.89,92.7,2,0.39,NO,3,5,1
FRA_10111,CLM_317,IFR,1.58,1.66,1.81,0,0.9,YES,0,0,0
FRA_10112,CLM_602,CFR,1.52,1.5,5.78,0,0.97,YES,0,1,0
FRA_10113,CLM_497,IFR,3.55,3.39,6.92,0,0.91,YES,0,0,0
FRA_10114,CLM_492,IFR,2.85,2.83,5.2,1,0.87,YES,0,0,0
FRA_10115,CLM_306,IFR,3.29,3.25,1.33,0,0.99,YES,0,1,0
FRA_10116,CLM_114,CFR,1.38,0.55,94.49,2,0.44,NO,3,5,1
FRA_10117,CLM_653,IFR,2.69,2.74,5.89,1,0.9,YES,0,0,0
FRA_10118,CLM_560,CFR,2.5,2.54,1.99,0,0.88,YES,0,0,0
FRA_10119,CLM_674,IFR,3.41,3.53,2.55,0,0.86,YES,0,0,0
FRA_10120,CLM_340,IFR,3.67,3.61,7.45,0,0.88,YES,0,0,0
FRA_10121,CLM_663,CFR,0.54,0.52,4.41,0,0.99,YES,0,0,0
FRA_10122,CLM_195,IFR,2.86,2.91,1.83,0,0.91,YES,0,1,0
FRA_10123,CLM_584,IFR,0.68,0.66,0.91,0,0.87,YES,0,0,0
FRA_10124,CLM_506,IFR,2.42,2.44,0.61,0,0.96,YES,0,0,0
FRA_10125,CLM_330,CFR,1.51,1.45,2.54,0,0.89,YES,0,0,0
FRA_10126,CLM_270,CFR,1.57,2.83,69.63,2,0.43,NO,3,5,1
FRA_10127,CLM_640,IFR,1.74,1.75,2.96,0,0.9,YES,0,0,0
FRA_10128,CLM_135,IFR,2.67,2.59,7.91,0,0.92,YES,0,0,0
FRA_10129,CLM_624,CFR,1.67,1.68,0.67,0,0.88,YES,0,0,0
FRA_10130,CLM_259,IFR,3.06,3.15,7.15,0,0.85,YES,0,0,0
FRA_10131,CLM_342,IFR,1.92,4.79,35.83,4,0.65,NO,2,2,1
FRA_10132,CLM_185,CFR,0.74,0.7,1.54,0,0.92,YES,0,0,0
FRA_10133,CLM_677,IFR,3.24,3.3,6.79,1,1.0,YES,0,0,0
FRA_10134,CLM_656,IFR,1.5,3.75,42.98,4,0.32,NO,1,3,1
FRA_10135,CLM_673,IFR,2.01,1.97,2.21,0,0.98,YES,0,0,0
FRA_10136,CLM_127,CFR,2.9,1.16,49.34,2,0.6,NO,3,5,1
FRA_10137,CLM_655,CFR,1.66,1.74,6.46,1,0.9,YES,0,0,0
FRA_10138,CLM_439,CFR,0.7,0.72,6.92,1,0.91,YES,0,0,0
FRA_10139,CLM_430,IFR,1.81,1.84,7.29,0,0.88,YES,0,0,0
FRA_10140,CLM_605,CFR,3.81,3.73,4.27,0,0.96,YES,0,0,0
FRA_10141,CLM_447,CFR,2.75,6.87,35.41,3,0.38,YES,1,5,1
FRA_10142,CLM_572,IFR,2.85,2.92,8.97,0,0.88,YES,0,1,0
FRA_10143,CLM_330,CFR,2.71,2.68,3.39,0,0.92,YES,0,0,0
FRA_10144,CLM_289,IFR,1.2,1.17,3.17,0,0.98,YES,0,0,0
FRA_10145,CLM_324,IFR,1.96,2.03,8.57,0,0.87,YES,0,0,0
FRA_10146,CLM_484,IFR,3.13,3.27,6.83,0,0.93,YES,0,0,0
FRA_10147,CLM_476,IFR,0.85,1.54,49.61,3,0.42,YES,2,2,1
FRA_10148,CLM_382,IFR,1.47,1.42,9.52,0,0.95,YES,0,0,0
FRA_10149,CLM_358,IFR,1.47,1.51,9.46,0,0.98,YES,0,0,0
FRA_10150,CLM_458,IFR,2.01,2.05,7.42,0,0.89,YES,0,1,0
FRA_10151,CLM_555,IFR,3.93,3.8,0.54,0,0.92,YES,0,0,0
FRA_10152,CLM_510,IFR,0.74,0.73,1.68,0,0.93,YES,0,0,0
FRA_10153,CLM_417,IFR,2.32,2.37,5.11,0,0.92,YES,0,0,0
FRA_10154,CLM_324,IFR,1.13,1.16,7.09,0,0.98,YES,0,0,0
FRA_10155,CLM_333,CFR,3.9,3.97,3.63,0,0.96,YES,0,0,0
FRA_10156,CLM_473,IFR,0.9,0.89,8.86,0,0.99,YES,0,0,0
FRA_10157,CLM_571,IFR,1.91,1.94,2.71,0,0.99,YES,0,0,0
FRA_10158,CLM_332,CFR,3.08,3.17,3.93,0,0.85,YES,0,0,0
FRA_10159,CLM_212,IFR,2.97,3.11,3.69,0,0.9,YES,0,0,0
FRA_10160,CLM_596,IFR,1.98,1.97,8.8,0,0.93,YES,0,0,0
FRA_10161,CLM_541,IFR,1.71,1.8,2.5,0,0.95,YES,0,0,0
FRA_10162,CLM_663,CFR,1.89,1.88,4.22,0,0.88,YES,0,0,0
FRA_10163,CLM_367,IFR,1.42,1.45,4.19,0,0.89,YES,0,0,0
FRA_10164,CLM_609,CFR,1.22,1.22,3.21,0,1.0,YES,0,0,0
FRA_10165,CLM_485,IFR,2.19,2.28,3.45,0,0.88,YES,0,0,0
FRA_10166,CLM_486,CFR,1.44,1.4,0.0,1,0.98,YES,0,0,0
FRA_10167,CLM_212,CFR,1.51,3.77,80.17,4,0.33,YES,1,5,1
FRA_10168,CLM_180,CFR,2.8,2.78,1.19,0,0.9,YES,0,0,0
FRA_10169,CLM_212,IFR,3.89,3.94,7.19,0,0.86,YES,0,1,0
FRA_10170,CLM_101,CFR,2.61,2.54,0.54,0,0.86,YES,0,0,0
FRA_10171,CLM_319,IFR,0.77,0.79,3.41,0,0.95,YES,0,0,0
FRA_10172,CLM_665,IFR,0.76,0.79,8.66,0,0.97,YES,0,0,0
FRA_10173,CLM_324,IFR,3.83,4.02,4.83,1,0.96,YES,0,0,0
FRA_10174,CLM_484,CFR,1.54,1.55,9.92,0,0.86,YES,0,0,0
FRA_10175,CLM_502,CFR,0.82,0.81,0.07,0,0.89,YES,0,0,0
FRA_10176,CLM_229,CFR,2.6,2.55,8.28,0,0.9,YES,0,0,0
FRA_10177,CLM_152,IFR,2.68,2.61,0.68,0,0.93,YES,0,0,0
FRA_10178,CLM_515,IFR,2.77,2.75,3.77,0,0.99,YES,0,0,0
FRA_10179,CLM_346,IFR,1.44,1.41,1.07,1,0.86,YES,0,0,0
FRA_10180,CLM_538,IFR,0.55,0.54,3.2,0,0.97,YES,0,0,0
FRA_10181,CLM_302,IFR,3.88,3.93,1.24,0,0.99,YES,0,0,0
FRA_10182,CLM_283,IFR,1.38,1.42,5.45,0,0.99,YES,0,0,0
FRA_10183,CLM_222,IFR,2.87,2.97,1.69,0,0.85,YES,0,0,0
FRA_10184,CLM_500,IFR,2.97,3.05,9.35,1,0.97,YES,0,1,0
FRA_10185,CLM_393,IFR,2.64,2.56,2.84,0,0.91,YES,0,0,0
FRA_10186,CLM_379,IFR,1.6,1.6,1.6,0,0.88,YES,0,0,0
FRA_10187,CLM_297,IFR,1.45,1.45,7.96,0,0.95,YES,0,0,0
FRA_10188,CLM_610,CFR,2.59,2.6,0.87,0,0.91,YES,0,0,0
FRA_10189,CLM_243,IFR,3.53,3.45,9.56,1,0.9,YES,0,0,0
FRA_10190,CLM_300,IFR,3.81,3.69,3.92,1,0.87,YES,0,0,0
FRA_10191,CLM_223,IFR,0.87,0.84,9.81,0,0.97,YES,0,0,0
FRA_10192,CLM_286,IFR,1.04,2.6,72.71,2,0.36,YES,3,5,1
FRA_10193,CLM_425,CFR,3.81,3.95,6.25,0,0.86,YES,0,0,0
FRA_10194,CLM_563,CFR,3.08,3.02,6.36,0,0.87,YES,0,0,0
FRA_10195,CLM_448,IFR,3.59,3.7,3.82,0,0.88,YES,0,0,0
FRA_10196,CLM_502,IFR,1.21,1.19,6.43,0,0.95,YES,0,0,0
FRA_10197,CLM_445,CFR,2.56,6.39,77.76,3,0.49,NO,3,3,1
FRA_10198,CLM_610,CFR,2.95,3.07,3.43,0,0.85,YES,0,0,0
FRA_10199,CLM_246,IFR,2.88,2.83,0.56,0,0.89,YES,0,0,0
FRA_10200,CLM_247,IFR,1.93,1.85,1.47,0,0.86,YES,0,1,0
FRA_10201,CLM_588,IFR,0.55,0.53,4.84,0,0.9,YES,0,1,0
FRA_10202,CLM_650,CFR,2.54,2.45,9.66,0,0.96,YES,0,0,0
FRA_10203,CLM_437,IFR,1.39,1.44,5.54,0,0.88,YES,0,0,0
FRA_10204,CLM_572,CFR,2.08,2.16,3.28,0,0.96,YES,0,0,0
FRA_10205,CLM_250,IFR,3.85,6.93,65.12,4,0.65,NO,3,5,1
FRA_10206,CLM_514,IFR,1.9,1.89,2.27,0,0.99,YES,0,0,0
FRA_10207,CLM_397,IFR,3.44,3.39,9.62,0,0.92,YES,0,0,0
FRA_10208,CLM_362,IFR,1.16,1.21,5.69,0,0.97,YES,0,0,0
FRA_10209,CLM_243,IFR,2.85,2.83,8.48,0,0.97,YES,0,1,0
FRA_10210,CLM_445,IFR,3.92,3.97,7.42,0,0.98,YES,0,0,0
FRA_10211,CLM_671,IFR,0.86,0.82,4.02,0,0.92,YES,0,0,0
FRA_10212,CLM_101,CFR,0.53,0.52,6.35,0,0.96,YES,0,0,0
FRA_10213,CLM_403,IFR,2.02,1.96,2.92,0,0.92,YES,0,0,0
FRA_10214,CLM_353,IFR,0.82,0.33,58.75,3,0.47,NO,2,2,1
FRA_10215,CLM_552,CFR,3.12,3.18,2.52,0,0.87,YES,0,0,0
FRA_10216,CLM_136,CFR,3.7,3.52,0.39,1,0.89,YES,0,0,0
FRA_10217,CLM_259,CFR,2.02,2.09,5.51,0,0.96,YES,0,0,0
FRA_10218,CLM_108,CFR,1.41,1.44,7.7,1,0.94,YES,0,0,0
FRA_10219,CLM_332,IFR,2.02,2.05,0.68,0,0.87,YES,0,0,0
FRA_10220,CLM_198,IFR,3.03,3.13,5.97,0,0.92,YES,0,1,0
FRA_10221,CLM_307,CFR,0.53,0.96,47.42,2,0.34,YES,3,2,1
FRA_10222,CLM_230,IFR,2.56,2.48,4.3,0,0.96,YES,0,0,0
FRA_10223,CLM_503,IFR,2.65,6.62,43.43,3,0.38,NO,1,2,1
FRA_10224,CLM_251,CFR,2.73,2.75,8.58,0,0.92,YES,0,1,0
FRA_10225,CLM_153,IFR,1.35,1.38,9.3,0,0.89,YES,0,0,0
FRA_10226,CLM_219,IFR,3.0,3.07,1.21,0,0.93,YES,0,0,0
FRA_10227,CLM_686,IFR,0.82,1.48,44.98,3,0.58,YES,2,2,1
FRA_10228,CLM_519,IFR,1.2,1.15,1.21,0,0.88,YES,0,0,0
FRA_10229,CLM_521,IFR,3.57,3.57,0.25,0,0.91,YES,0,0,0
FRA_10230,CLM_203,IFR,3.09,2.97,7.28,0,0.89,YES,0,0,0
FRA_10231,CLM_353,CFR,0.55,0.54,5.07,0,0.96,YES,0,0,0
FRA_10232,CLM_326,IFR,1.37,1.32,0.7,0,0.91,YES,0,0,0
FRA_10233,CLM_211,IFR,1.25,2.25,79.23,3,0.64,NO,2,5,1
FRA_10234,CLM_609,CFR,1.45,1.38,0.5,0,0.86,YES,0,0,0
FRA_10235,CLM_572,CFR,1.37,1.39,3.37,0,0.89,YES,0,0,0
FRA_10236,CLM_198,CFR,0.72,0.29,60.75,2,0.48,YES,2,5,1
FRA_10237,CLM_252,CFR,2.11,2.05,8.28,0,1.0,YES,0,0,0
FRA_10238,CLM_437,IFR,3.06,7.66,37.19,3,0.45,YES,3,2,1
FRA_10239,CLM_262,IFR,2.62,2.71,2.62,0,0.86,YES,0,0,0
FRA_10240,CLM_260,IFR,2.86,2.88,5.71,0,0.9,YES,0,0,0
FRA_10241,CLM_679,IFR,0.78,0.77,0.99,0,0.99,YES,0,1,0
FRA_10242,CLM_497,IFR,3.83,1.53,71.05,2,0.41,NO,1,3,1
FRA_10243,CLM_376,IFR,3.43,3.43,7.58,0,0.9,YES,0,1,0
FRA_10244,CLM_603,IFR,3.32,3.17,4.86,1,0.94,YES,0,0,0
FRA_10245,CLM_491,IFR,3.38,3.3,3.43,0,0.93,YES,0,0,0
FRA_10246,CLM_234,IFR,3.76,3.61,0.16,1,0.91,YES,0,0,0
FRA_10247,CLM_294,IFR,2.4,2.3,6.83,1,0.94,YES,0,0,0
FRA_10248,CLM_500,IFR,1.2,1.21,7.66,0,0.98,YES,0,0,0
FRA_10249,CLM_132,IFR,2.66,4.79,78.15,2,0.35,NO,2,5,1
FRA_10250,CLM_559,CFR,3.1,3.15,4.02,0,0.94,YES,0,0,0
FRA_10251,CLM_569,IFR,3.08,3.04,2.09,0,0.99,YES,0,1,0
FRA_10252,CLM_474,IFR,2.33,2.31,2.53,0,0.98,YES,0,0,0
FRA_10253,CLM_121,IFR,0.74,0.77,3.42,1,0.98,YES,0,0,0
FRA_10254,CLM_137,CFR,1.8,1.77,0.09,0,0.9,YES,0,0,0
FRA_10255,CLM_329,IFR,3.72,3.72,4.03,0,0.94,YES,0,0,0
FRA_10256,CLM_464,IFR,2.55,2.67,1.87,0,0.92,YES,0,0,0
FRA_10257,CLM_662,IFR,2.38,2.29,4.29,0,0.88,YES,0,0,0
FRA_10258,CLM_537,IFR,1.44,1.5,9.98,0,0.89,YES,0,0,0
FRA_10259,CLM_382,CFR,1.79,1.77,2.42,0,0.99,YES,0,1,0
FRA_10260,CLM_126,CFR,3.63,3.47,3.39,0,0.89,YES,0,0,0
FRA_10261,CLM_325,IFR,2.83,2.87,8.51,0,0.93,YES,0,0,0
FRA_10262,CLM_376,CFR,3.26,3.18,5.93,0,0.87,YES,0,0,0
FRA_10263,CLM_383,CFR,2.09,2.05,9.24,0,0.89,YES,0,0,0
FRA_10264,CLM_580,IFR,2.71,2.75,1.18,1,0.98,YES,0,0,0
FRA_10265,CLM_552,CFR,1.37,1.39,0.17,0,0.97,YES,0,0,0
FRA_10266,CLM_615,IFR,2.97,2.9,5.85,0,0.99,YES,0,0,0
FRA_10267,CLM_646,IFR,2.0,2.06,5.08,0,0.9,YES,0,0,0
FRA_10268,CLM_291,IFR,2.05,2.12,4.67,0,0.93,YES,0,0,0
FRA_10269,CLM_148,CFR,2.77,2.76,9.39,0,0.92,YES,0,0,0
FRA_10270,CLM_611,IFR,3.78,3.85,8.64,1,0.91,YES,0,0,0
FRA_10271,CLM_116,CFR,0.72,0.69,7.27,0,0.88,YES,0,0,0
FRA_10272,CLM_271,CFR,3.39,3.24,8.23,0,0.91,YES,0,0,0
FRA_10273,CLM_319,IFR,1.52,1.58,6.51,0,0.88,YES,0,0,0
FRA_10274,CLM_257,CFR,2.05,2.1,9.73,0,0.85,YES,0,0,0
FRA_10275,CLM_576,IFR,0.58,0.57,8.21,0,0.92,YES,0,0,0
FRA_10276,CLM_145,IFR,1.55,1.48,4.5,0,0.9,YES,0,0,0
FRA_10277,CLM_472,IFR,2.26,2.26,1.25,1,0.95,YES,0,0,0
FRA_10278,CLM_617,IFR,0.7,0.67,0.47,0,0.88,YES,0,0,0
FRA_10279,CLM_198,CFR,2.22,3.99,62.42,4,0.61,NO,2,2,1
FRA_10280,CLM_136,CFR,3.74,3.77,7.92,1,0.89,YES,0,0,0
FRA_10281,CLM_379,IFR,0.87,0.9,7.85,0,0.99,YES,0,0,0
FRA_10282,CLM_448,IFR,3.18,3.31,0.51,0,0.98,YES,0,0,0
FRA_10283,CLM_596,IFR,1.93,1.93,3.24,1,0.97,YES,0,0,0
FRA_10284,CLM_401,IFR,2.79,2.82,8.21,0,0.92,YES,0,0,0
FRA_10285,CLM_280,CFR,1.41,1.39,0.64,0,0.87,YES,0,1,0
FRA_10286,CLM_198,IFR,1.06,1.06,7.13,0,0.89,YES,0,0,0
FRA_10287,CLM_215,IFR,1.06,1.09,6.25,1,0.95,YES,0,0,0
FRA_10288,CLM_290,IFR,0.75,0.75,9.42,0,0.85,YES,0,0,0
FRA_10289,CLM_352,IFR,1.15,1.17,7.49,0,0.98,YES,0,1,0
FRA_10290,CLM_260,CFR,2.82,2.75,8.83,0,0.86,YES,0,0,0
FRA_10291,CLM_355,IFR,3.59,3.43,8.45,0,0.89,YES,0,0,0
FRA_10292,CLM_422,CFR,3.35,3.28,0.91,0,0.87,YES,0,1,0
FRA_10293,CLM_227,IFR,2.9,2.99,0.14,0,0.85,YES,0,0,0
FRA_10294,CLM_117,CFR,0.89,0.85,3.36,0,0.97,YES,0,0,0
FRA_10295,CLM_665,IFR,1.51,1.54,1.88,0,0.89,YES,0,0,0
FRA_10296,CLM_669,IFR,1.58,1.53,1.82,0,0.98,YES,0,0,0
FRA_10297,CLM_422,CFR,1.37,1.4,6.54,0,0.89,YES,0,0,0
FRA_10298,CLM_387,IFR,2.3,2.4,6.6,0,0.87,YES,0,0,0
FRA_10299,CLM_254,CFR,2.37,0.95,87.02,3,0.35,NO,2,2,1
FRA_10300,CLM_589,IFR,1.75,1.75,6.9,0,0.9,YES,0,1,0
FRA_10301,CLM_485,IFR,1.74,1.68,1.73,0,0.87,YES,0,0,0
FRA_10302,CLM_203,IFR,3.4,3.27,8.22,0,0.96,YES,0,0,0
FRA_10303,CLM_492,IFR,3.26,3.41,7.11,0,0.96,YES,0,0,0
FRA_10304,CLM_345,IFR,1.58,1.62,5.22,0,0.97,YES,0,0,0
FRA_10305,CLM_275,IFR,3.7,1.48,77.96,4,0.34,NO,2,3,1
FRA_10306,CLM_138,IFR,3.83,3.87,7.4,0,0.98,YES,0,0,0
FRA_10307,CLM_576,IFR,1.64,1.7,4.6,0,0.87,YES,0,1,0
FRA_10308,CLM_637,IFR,1.74,1.67,1.99,0,0.94,YES,0,0,0
FRA_10309,CLM_507,CFR,2.27,2.18,2.9,0,0.88,YES,0,0,0
FRA_10310,CLM_624,CFR,3.79,3.87,2.17,0,0.91,YES,0,1,0
FRA_10311,CLM_605,CFR,3.57,3.73,8.0,0,0.86,YES,0,0,0
FRA_10312,CLM_135,IFR,0.86,0.84,5.06,0,0.98,YES,0,0,0
FRA_10313,CLM_119,IFR,1.87,1.85,6.87,0,0.86,YES,0,0,0
FRA_10314,CLM_420,CFR,2.44,0.97,81.66,3,0.43,NO,2,3,1
FRA_10315,CLM_611,IFR,2.26,2.22,8.12,0,0.92,YES,0,0,0
FRA_10316,CLM_499,IFR,1.18,1.2,9.87,0,0.95,YES,0,0,0
FRA_10317,CLM_570,IFR,3.51,3.65,1.56,0,0.94,YES,0,0,0
FRA_10318,CLM_242,IFR,2.87,2.86,3.34,0,0.98,YES,0,0,0
FRA_10319,CLM_191,CFR,3.43,6.18,77.87,4,0.32,NO,3,2,1
FRA_10320,CLM_453,IFR,3.51,3.44,1.82,0,0.9,YES,0,0,0
FRA_10321,CLM_150,IFR,3.12,3.11,1.33,1,0.98,YES,0,0,0
FRA_10322,CLM_674,IFR,2.04,1.96,7.76,0,0.97,YES,0,0,0
FRA_10323,CLM_289,CFR,2.64,1.05,85.06,2,0.61,NO,2,5,1
FRA_10324,CLM_224,IFR,1.06,1.03,8.24,0,0.98,YES,0,0,0
FRA_10325,CLM_249,IFR,2.86,2.8,2.65,0,1.0,YES,0,0,0
FRA_10326,CLM_413,IFR,1.13,1.08,5.85,0,0.93,YES,0,0,0
FRA_10327,CLM_669,CFR,2.93,7.32,89.64,2,0.35,YES,1,5,1
FRA_10328,CLM_441,IFR,1.3,1.28,6.22,0,0.92,YES,0,1,0
FRA_10329,CLM_404,IFR,0.91,0.88,3.87,0,1.0,YES,0,0,0
FRA_10330,CLM_153,IFR,1.08,1.08,5.72,1,0.98,YES,0,0,0
FRA_10331,CLM_543,IFR,0.51,0.5,4.64,0,0.94,YES,0,0,0
FRA_10332,CLM_363,IFR,3.02,3.17,0.75,0,0.91,YES,0,0,0
FRA_10333,CLM_152,IFR,3.06,2.92,0.92,0,0.98,YES,0,0,0
FRA_10334,CLM_671,CFR,2.3,2.31,2.55,0,0.96,YES,0,0,0
FRA_10335,CLM_104,IFR,1.06,1.03,0.97,0,0.94,YES,0,0,0
FRA_10336,CLM_202,IFR,0.79,0.82,4.64,0,0.99,YES,0,0,0
FRA_10337,CLM_295,CFR,0.57,0.56,9.31,0,0.99,YES,0,1,0
FRA_10338,CLM_449,IFR,1.08,1.1,8.17,0,0.95,YES,0,0,0
FRA_10339,CLM_146,IFR,3.62,3.46,3.43,0,0.87,YES,0,0,0
FRA_10340,CLM_368,IFR,1.35,1.3,7.16,1,1.0,YES,0,0,0
FRA_10341,CLM_469,IFR,1.74,1.8,7.37,0,0.94,YES,0,0,0
FRA_10342,CLM_205,CFR,0.87,0.91,3.52,0,0.95,YES,0,0,0
FRA_10343,CLM_219,IFR,1.28,1.25,6.31,0,0.96,YES,0,0,0
FRA_10344,CLM_157,CFR,2.32,2.34,6.32,0,0.94,YES,0,0,0
FRA_10345,CLM_445,IFR,2.63,2.69,7.27,0,0.88,YES,0,0,0
FRA_10346,CLM_573,IFR,1.36,3.4,70.27,2,0.31,NO,2,5,1
FRA_10347,CLM_216,IFR,0.7,0.72,3.27,0,0.94,YES,0,0,0
FRA_10348,CLM_226,IFR,1.87,1.78,7.35,0,0.94,YES,0,0,0
FRA_10349,CLM_492,IFR,1.32,1.34,2.06,0,0.87,YES,0,0,0
FRA_10350,CLM_157,CFR,1.27,0.51,80.55,4,0.69,NO,1,3,1
FRA_10351,CLM_612,IFR,3.86,3.79,6.02,0,0.97,YES,0,0,0
FRA_10352,CLM_195,CFR,2.66,2.7,8.09,0,0.92,YES,0,1,0
FRA_10353,CLM_217,IFR,2.45,2.4,0.19,0,0.85,YES,0,1,0
FRA_10354,CLM_659,CFR,1.96,1.9,7.89,0,0.88,YES,0,0,0
FRA_10355,CLM_587,CFR,2.0,1.91,4.84,0,0.99,YES,0,1,0
FRA_10356,CLM_336,CFR,2.39,2.33,2.08,0,0.89,YES,0,1,0
FRA_10357,CLM_371,CFR,2.94,7.34,76.01,4,0.63,NO,3,2,1
FRA_10358,CLM_288,CFR,2.96,2.93,9.84,0,0.89,YES,0,0,0
FRA_10359,CLM_546,IFR,1.1,1.11,2.52,1,0.89,YES,0,1,0
FRA_10360,CLM_680,IFR,2.25,2.16,6.57,1,0.88,YES,0,1,0
FRA_10361,CLM_346,IFR,1.94,1.93,9.46,0,0.9,YES,0,0,0
FRA_10362,CLM_175,CFR,3.55,3.48,0.93,0,0.87,YES,0,0,0
FRA_10363,CLM_253,IFR,2.71,2.79,1.41,0,0.95,YES,0,0,0
FRA_10364,CLM_534,CFR,2.36,2.27,1.67,1,0.97,YES,0,0,0
FRA_10365,CLM_185,IFR,0.9,0.36,56.95,3,0.57,NO,3,5,1
FRA_10366,CLM_384,IFR,2.62,2.56,0.39,0,0.98,YES,0,0,0
FRA_10367,CLM_319,IFR,0.91,0.94,9.92,0,0.95,YES,0,0,0
FRA_10368,CLM_168,IFR,1.68,1.76,9.86,0,0.89,YES,0,0,0
FRA_10369,CLM_146,IFR,1.0,0.96,7.81,1,0.91,YES,0,0,0
FRA_10370,CLM_193,IFR,2.92,2.9,4.38,0,0.96,YES,0,1,0
FRA_10371,CLM_552,IFR,1.22,1.28,1.75,0,0.96,YES,0,0,0
FRA_10372,CLM_303,IFR,1.87,1.79,2.68,1,0.94,YES,0,0,0
FRA_10373,CLM_317,IFR,3.63,3.55,7.19,0,0.91,YES,0,0,0
FRA_10374,CLM_573,IFR,1.22,1.17,8.23,0,0.95,YES,0,0,0
FRA_10375,CLM_531,CFR,2.28,2.3,1.07,0,0.99,YES,0,0,0
FRA_10376,CLM_440,IFR,1.97,3.54,35.42,2,0.38,NO,2,2,1
FRA_10377,CLM_650,IFR,0.56,0.59,9.16,0,0.97,YES,0,0,0
FRA_10378,CLM_388,IFR,3.27,3.43,9.64,0,0.89,YES,0,0,0
FRA_10379,CLM_353,IFR,0.74,0.72,8.16,0,0.86,YES,0,0,0
FRA_10380,CLM_456,IFR,2.16,2.26,6.3,0,0.87,YES,0,1,0
FRA_10381,CLM_122,IFR,2.46,2.54,2.81,0,0.86,YES,0,0,0
FRA_10382,CLM_621,IFR,2.7,2.72,9.29,0,0.98,YES,0,0,0
FRA_10383,CLM_199,IFR,2.91,2.97,7.32,0,0.9,YES,0,0,0
FRA_10384,CLM_279,IFR,1.39,1.33,3.62,0,1.0,YES,0,0,0
FRA_10385,CLM_322,CFR,0.53,0.55,4.32,0,0.94,YES,0,1,0
FRA_10386,CLM_541,CFR,3.03,3.01,6.04,0,0.91,YES,0,0,0
FRA_10387,CLM_424,IFR,2.37,2.28,0.17,0,0.89,YES,0,0,0
FRA_10388,CLM_615,IFR,3.43,8.57,45.37,3,0.5,NO,1,5,1
FRA_10389,CLM_115,IFR,3.37,3.49,8.64,0,0.96,YES,0,0,0
FRA_10390,CLM_435,IFR,3.45,3.28,0.2,0,0.92,YES,0,0,0
FRA_10391,CLM_357,CFR,2.2,2.09,4.23,0,0.92,YES,0,0,0
FRA_10392,CLM_596,IFR,1.67,1.62,8.13,0,0.88,YES,0,0,0
FRA_10393,CLM_259,IFR,3.27,3.31,8.3,0,0.89,YES,0,1,0
FRA_10394,CLM_574,IFR,2.08,2.11,4.48,0,0.88,YES,0,0,0
FRA_10395,CLM_479,IFR,1.14,1.13,9.96,0,0.92,YES,0,0,0
FRA_10396,CLM_644,IFR,3.49,3.64,8.01,0,0.96,YES,0,0,0
FRA_10397,CLM_526,IFR,3.59,3.59,1.92,0,0.89,YES,0,1,0
FRA_10398,CLM_367,IFR,2.13,2.1,9.52,0,0.94,YES,0,0,0
FRA_10399,CLM_676,IFR,0.76,0.74,3.76,0,0.94,YES,0,0,0
FRA_10400,CLM_516,IFR,1.86,0.74,53.14,2,0.37,NO,1,3,1
FRA_10401,CLM_267,IFR,3.31,3.38,4.19,0,0.86,YES,0,1,0
FRA_10402,CLM_142,IFR,3.66,3.72,2.85,0,0.87,YES,0,1,0
FRA_10403,CLM_655,IFR,1.21,1.17,6.48,0,0.96,YES,0,0,0
FRA_10404,CLM_384,IFR,0.73,0.75,6.14,0,0.86,YES,0,0,0
FRA_10405,CLM_496,IFR,3.57,3.48,9.88,0,0.96,YES,0,0,0
FRA_10406,CLM_111,IFR,1.86,1.81,2.39,0,0.91,YES,0,0,0
FRA_10407,CLM_401,IFR,2.4,2.28,8.79,1,0.9,YES,0,0,0
FRA_10408,CLM_352,CFR,3.89,3.7,6.8,0,0.87,YES,0,0,0
FRA_10409,CLM_598,IFR,0.73,0.75,6.16,0,0.94,YES,0,0,0
FRA_10410,CLM_134,IFR,2.77,2.73,7.7,0,0.91,YES,0,1,0
FRA_10411,CLM_189,IFR,0.76,0.75,7.72,0,0.98,YES,0,1,0
FRA_10412,CLM_517,IFR,1.81,1.74,9.36,0,0.97,YES,0,0,0
FRA_10413,CLM_214,IFR,3.31,3.41,8.5,0,0.99,YES,0,0,0
FRA_10414,CLM_295,IFR,2.02,1.95,5.38,0,0.95,YES,0,0,0
FRA_10415,CLM_600,CFR,3.99,4.17,0.45,0,0.85,YES,0,0,0
FRA_10416,CLM_592,IFR,2.46,2.56,6.66,0,0.85,YES,0,0,0
FRA_10417,CLM_174,IFR,1.62,1.62,4.99,0,0.95,YES,0,0,0
FRA_10418,CLM_512,IFR,1.27,2.29,64.12,2,0.63,NO,1,2,1
FRA_10419,CLM_475,CFR,1.73,1.68,6.08,0,0.95,YES,0,0,0
FRA_10420,CLM_519,IFR,1.8,1.82,2.66,0,0.87,YES,0,0,0
FRA_10421,CLM_376,CFR,0.74,0.77,2.07,0,0.98,YES,0,0,0
FRA_10422,CLM_493,IFR,1.79,1.82,8.15,0,0.89,YES,0,0,0
FRA_10423,CLM_556,CFR,2.12,2.22,9.18,0,0.86,YES,0,0,0
FRA_10424,CLM_291,IFR,3.03,2.91,0.16,0,0.99,YES,0,1,0
FRA_10425,CLM_198,CFR,2.8,2.85,0.97,0,0.9,YES,0,0,0
FRA_10426,CLM_647,IFR,2.98,3.07,3.85,0,0.86,YES,0,0,0
FRA_10427,CLM_195,CFR,0.53,0.53,1.17,0,0.98,YES,0,0,0
FRA_10428,CLM_289,IFR,1.26,0.5,83.88,2,0.49,NO,2,3,1
FRA_10429,CLM_136,IFR,2.82,2.82,5.84,0,0.9,YES,0,0,0
FRA_10430,CLM_468,IFR,2.19,2.16,0.55,0,0.94,YES,0,1,0
FRA_10431,CLM_624,IFR,0.52,0.53,9.18,1,0.94,YES,0,0,0
FRA_10432,CLM_378,IFR,3.32,3.33,9.78,0,0.87,YES,0,0,0
FRA_10433,CLM_316,IFR,3.2,3.1,4.47,0,0.95,YES,0,1,0
FRA_10434,CLM_372,IFR,2.42,4.36,56.39,2,0.57,NO,1,2,1
FRA_10435,CLM_161,IFR,0.73,0.73,2.76,0,0.86,YES,0,0,0
FRA_10436,CLM_695,CFR,3.18,3.1,4.89,0,0.96,YES,0,1,0
FRA_10437,CLM_441,IFR,2.54,2.65,5.83,0,0.97,YES,0,0,0
FRA_10438,CLM_496,CFR,3.24,3.13,8.21,0,0.88,YES,0,0,0
FRA_10439,CLM_118,IFR,3.13,1.25,66.15,3,0.38,YES,2,5,1
FRA_10440,CLM_276,IFR,3.31,3.27,9.23,0,0.89,YES,0,0,0
FRA_10441,CLM_495,CFR,2.31,2.35,9.89,0,0.95,YES,0,0,0
FRA_10442,CLM_544,IFR,0.99,0.95,0.04,1,0.97,YES,0,0,0
FRA_10443,CLM_332,IFR,2.85,2.85,3.0,0,0.89,YES,0,0,0
FRA_10444,CLM_175,IFR,2.67,2.74,5.4,0,0.85,YES,0,0,0
FRA_10445,CLM_364,IFR,3.1,3.07,9.33,0,0.97,YES,0,0,0
FRA_10446,CLM_554,IFR,1.09,1.08,1.08,0,0.97,YES,0,0,0
FRA_10447,CLM_483,CFR,1.18,1.18,4.87,0,0.99,YES,0,0,0
FRA_10448,CLM_663,CFR,3.62,3.63,0.5,0,0.88,YES,0,0,0
FRA_10449,CLM_605,IFR,3.12,3.2,7.23,0,0.98,YES,0,0,0
FRA_10450,CLM_466,IFR,3.68,3.61,2.49,0,0.89,YES,0,0,0
FRA_10451,CLM_243,IFR,3.16,3.13,9.87,0,0.87,YES,0,0,0
FRA_10452,CLM_168,IFR,2.59,2.62,0.55,0,0.93,YES,0,0,0
FRA_10453,CLM_198,IFR,2.79,2.81,1.71,0,0.9,YES,0,0,0
FRA_10454,CLM_495,IFR,3.61,3.51,1.16,1,0.85,YES,0,0,0
FRA_10455,CLM_124,IFR,2.53,2.6,2.97,0,0.87,YES,0,0,0
FRA_10456,CLM_568,CFR,2.71,2.75,7.83,1,0.95,YES,0,0,0
FRA_10457,CLM_583,IFR,1.05,1.02,8.42,0,0.86,YES,0,0,0
FRA_10458,CLM_664,IFR,2.16,5.4,88.64,4,0.56,NO,1,3,1
FRA_10459,CLM_250,IFR,3.01,2.93,3.37,0,0.86,YES,0,0,0
FRA_10460,CLM_243,IFR,1.45,1.39,4.01,0,0.97,YES,0,0,0
FRA_10461,CLM_668,IFR,1.21,1.17,3.67,0,0.87,YES,0,0,0
FRA_10462,CLM_138,CFR,1.6,1.63,1.9,0,0.87,YES,0,0,0
FRA_10463,CLM_208,IFR,1.35,1.29,9.86,0,0.91,YES,0,0,0
FRA_10464,CLM_141,CFR,1.25,1.3,5.54,0,0.91,YES,0,0,0
FRA_10465,CLM_285,IFR,1.99,4.97,60.17,4,0.66,YES,2,3,1
FRA_10466,CLM_497,IFR,3.68,3.69,7.41,0,0.94,YES,0,0,0
FRA_10467,CLM_322,IFR,2.27,2.34,7.2,0,0.92,YES,0,0,0
FRA_10468,CLM_232,IFR,1.16,1.14,0.18,0,0.93,YES,0,0,0
FRA_10469,CLM_262,CFR,0.77,0.78,8.36,0,0.87,YES,0,1,0
FRA_10470,CLM_314,CFR,2.94,7.34,46.43,3,0.64,NO,2,3,1
FRA_10471,CLM_334,IFR,1.84,1.77,3.03,0,0.9,YES,0,1,0
FRA_10472,CLM_687,IFR,3.38,3.23,5.49,0,0.95,YES,0,0,0
FRA_10473,CLM_108,IFR,2.81,2.77,8.44,0,0.97,YES,0,0,0
FRA_10474,CLM_173,CFR,3.29,3.37,7.14,0,0.94,YES,0,1,0
FRA_10475,CLM_591,IFR,1.45,1.44,9.67,0,0.87,YES,0,0,0
FRA_10476,CLM_352,IFR,2.92,3.06,3.2,0,0.98,YES,0,0,0
FRA_10477,CLM_329,IFR,1.42,1.36,7.25,0,0.97,YES,0,0,0
FRA_10478,CLM_618,IFR,3.79,3.78,7.78,0,0.92,YES,0,0,0
FRA_10479,CLM_273,IFR,2.73,2.69,5.26,0,0.9,YES,0,0,0
FRA_10480,CLM_267,IFR,1.64,1.66,2.69,0,0.99,YES,0,0,0
FRA_10481,CLM_269,CFR,1.44,1.45,6.48,0,0.94,YES,0,0,0
FRA_10482,CLM_492,IFR,1.17,1.17,3.59,0,0.88,YES,0,1,0
FRA_10483,CLM_293,IFR,2.93,2.9,4.67,0,0.86,YES,0,0,0
FRA_10484,CLM_616,CFR,1.27,1.27,5.09,0,0.96,YES,0,0,0
FRA_10485,CLM_128,IFR,2.58,2.5,4.61,0,0.89,YES,0,0,0
FRA_10486,CLM_264,CFR,1.43,1.45,8.25,0,0.86,YES,0,0,0
FRA_10487,CLM_521,IFR,2.82,2.95,5.96,0,0.85,YES,0,0,0
FRA_10488,CLM_438,IFR,3.35,3.2,5.69,1,1.0,YES,0,0,0
FRA_10489,CLM_595,CFR,3.22,3.21,9.45,0,0.86,YES,0,0,0
FRA_10490,CLM_464,IFR,3.16,3.08,4.7,0,0.94,YES,0,0,0
FRA_10491,CLM_441,IFR,1.16,1.12,5.04,0,0.95,YES,0,0,0
FRA_10492,CLM_599,IFR,0.81,0.84,9.12,0,0.86,YES,0,0,0
FRA_10493,CLM_610,IFR,2.95,3.04,9.68,0,0.94,YES,0,0,0
FRA_10494,CLM_426,IFR,1.79,1.7,2.47,0,0.94,YES,0,0,0
FRA_10495,CLM_316,IFR,2.01,2.06,2.8,0,0.86,YES,0,0,0
FRA_10496,CLM_400,CFR,0.61,1.52,73.03,2,0.7,NO,2,5,1
FRA_10497,CLM_231,IFR,1.41,1.38,4.41,0,0.95,YES,0,1,0
FRA_10498,CLM_169,IFR,0.62,0.6,8.73,0,0.98,YES,0,0,0
FRA_10499,CLM_351,IFR,3.58,3.51,5.12,1,0.86,YES,0,0,0
FRA_10500,CLM_514,CFR,1.35,1.4,3.96,0,0.91,YES,0,0,0
FRA_10501,CLM_544,IFR,2.45,2.55,7.62,0,1.0,YES,0,0,0
FRA_10502,CLM_281,CFR,0.64,0.61,2.62,0,0.87,YES,0,1,0
FRA_10503,CLM_266,IFR,2.83,2.91,2.68,0,0.96,YES,0,1,0
FRA_10504,CLM_190,IFR,1.63,1.69,5.15,0,0.93,YES,0,0,0
FRA_10505,CLM_630,IFR,3.64,3.5,1.26,0,0.89,YES,0,0,0
FRA_10506,CLM_138,IFR,3.61,3.69,0.32,0,0.93,YES,0,1,0
FRA_10507,CLM_225,IFR,1.64,1.64,0.64,0,0.98,YES,0,1,0
FRA_10508,CLM_550,IFR,3.65,1.46,36.97,4,0.66,NO,1,2,1
FRA_10509,CLM_272,CFR,3.99,3.95,0.41,0,0.89,YES,0,0,0
FRA_10510,CLM_319,IFR,3.39,3.54,2.68,0,0.86,YES,0,0,0
FRA_10511,CLM_157,IFR,3.46,3.31,9.34,0,0.95,YES,0,0,0
FRA_10512,CLM_575,IFR,1.37,1.39,9.69,0,0.99,YES,0,0,0
FRA_10513,CLM_555,IFR,2.52,2.42,5.28,0,0.94,YES,0,0,0
FRA_10514,CLM_460,IFR,0.74,0.74,0.1,0,0.92,YES,0,1,0
FRA_10515,CLM_100,IFR,0.83,0.82,4.24,0,0.94,YES,0,0,0
FRA_10516,CLM_486,IFR,4.0,3.96,2.18,1,0.87,YES,0,0,0
FRA_10517,CLM_447,IFR,1.64,1.57,2.22,0,0.88,YES,0,0,0
FRA_10518,CLM_289,IFR,3.12,3.11,0.1,0,0.97,YES,0,0,0
FRA_10519,CLM_604,IFR,3.32,3.46,8.55,0,0.86,YES,0,0,0
FRA_10520,CLM_290,CFR,3.5,3.62,7.99,0,0.88,YES,0,0,0
FRA_10521,CLM_607,CFR,3.99,4.08,9.81,0,0.88,YES,0,0,0
FRA_10522,CLM_468,IFR,1.35,2.42,92.59,4,0.33,YES,3,5,1
FRA_10523,CLM_508,CFR,0.64,0.63,8.42,0,0.99,YES,0,1,0
FRA_10524,CLM_216,IFR,1.94,1.84,0.75,0,0.95,YES,0,1,0
FRA_10525,CLM_233,IFR,0.96,0.95,6.07,0,0.97,YES,0,1,0
FRA_10526,CLM_157,IFR,0.58,0.57,4.95,0,0.93,YES,0,0,0
FRA_10527,CLM_655,IFR,1.76,1.7,4.42,0,0.93,YES,0,0,0
FRA_10528,CLM_272,IFR,3.24,3.08,7.61,0,0.9,YES,0,0,0
FRA_10529,CLM_248,CFR,2.48,0.99,51.99,3,0.4,NO,1,3,1
FRA_10530,CLM_179,IFR,1.59,1.61,1.55,0,0.95,YES,0,0,0
FRA_10531,CLM_312,IFR,2.79,2.76,4.2,0,0.85,YES,0,0,0
FRA_10532,CLM_302,IFR,1.31,1.36,0.78,0,0.99,YES,0,0,0
FRA_10533,CLM_328,CFR,0.55,0.54,5.69,0,0.99,YES,0,0,0
FRA_10534,CLM_326,IFR,3.18,3.04,6.69,0,0.92,YES,0,0,0
FRA_10535,CLM_631,IFR,2.68,2.6,7.91,0,0.9,YES,0,0,0
FRA_10536,CLM_540,IFR,3.17,3.28,7.49,0,0.87,YES,0,0,0
FRA_10537,CLM_501,IFR,0.64,0.66,5.82,0,0.94,YES,0,0,0
FRA_10538,CLM_146,CFR,3.43,3.54,5.23,0,0.87,YES,0,0,0
FRA_10539,CLM_332,CFR,2.67,6.67,46.72,4,0.61,NO,2,2,1
FRA_10540,CLM_404,IFR,2.47,2.37,7.28,0,0.91,YES,0,0,0
FRA_10541,CLM_625,CFR,2.69,6.72,53.34,3,0.46,NO,2,2,1
FRA_10542,CLM_242,IFR,3.53,3.64,1.72,0,0.95,YES,0,0,0
FRA_10543,CLM_514,CFR,2.55,6.39,61.29,4,0.57,NO,2,2,1
FRA_10544,CLM_612,IFR,2.53,2.64,5.87,0,0.92,YES,0,0,0
FRA_10545,CLM_472,IFR,3.97,4.08,4.95,0,0.89,YES,0,0,0
FRA_10546,CLM_665,IFR,3.15,5.67,46.37,2,0.64,NO,2,3,1
FRA_10547,CLM_358,IFR,2.05,2.01,1.78,0,0.91,YES,0,0,0
FRA_10548,CLM_570,IFR,2.98,5.36,38.93,2,0.42,NO,1,5,1
FRA_10549,CLM_111,IFR,1.86,1.83,7.46,0,0.96,YES,0,0,0
FRA_10550,CLM_429,IFR,1.3,1.33,1.52,0,0.9,YES,0,0,0
FRA_10551,CLM_457,IFR,2.59,2.52,0.63,0,0.98,YES,0,0,0
FRA_10552,CLM_507,IFR,3.75,3.66,5.55,0,0.95,YES,0,0,0
FRA_10553,CLM_472,IFR,3.75,3.89,3.09,0,0.85,YES,0,0,0
FRA_10554,CLM_107,CFR,1.7,1.67,5.43,0,0.97,YES,0,0,0
FRA_10555,CLM_221,IFR,2.35,2.39,8.03,0,0.96,YES,0,0,0
FRA_10556,CLM_447,IFR,1.24,1.22,8.09,0,0.94,YES,0,0,0
FRA_10557,CLM_189,IFR,3.98,3.94,3.03,0,0.97,YES,0,1,0
FRA_10558,CLM_415,CFR,3.93,3.95,6.61,1,0.86,YES,0,0,0
FRA_10559,CLM_277,IFR,2.77,2.83,8.24,0,0.91,YES,0,0,0
FRA_10560,CLM_639,IFR,3.32,3.29,2.31,0,0.97,YES,0,0,0
FRA_10561,CLM_140,CFR,3.0,3.1,4.28,0,0.86,YES,0,0,0
FRA_10562,CLM_601,CFR,2.58,2.47,9.62,0,0.92,YES,0,0,0
FRA_10563,CLM_244,IFR,0.69,0.72,3.45,0,0.93,YES,0,1,0
FRA_10564,CLM_300,IFR,2.09,1.99,2.38,1,0.88,YES,0,0,0
FRA_10565,CLM_560,IFR,2.86,7.15,86.71,2,0.59,YES,1,5,1
FRA_10566,CLM_657,CFR,2.87,3.01,4.08,0,0.93,YES,0,0,0
FRA_10567,CLM_646,IFR,1.81,1.73,0.01,0,0.98,YES,0,0,0
FRA_10568,CLM_352,IFR,3.8,3.99,2.87,0,0.87,YES,0,0,0
FRA_10569,CLM_489,CFR,1.09,1.06,7.93,1,1.0,YES,0,0,0
FRA_10570,CLM_693,IFR,2.25,2.34,3.28,0,0.98,YES,0,0,0
FRA_10571,CLM_355,IFR,2.92,2.82,4.3,0,0.96,YES,0,0,0
FRA_10572,CLM_549,IFR,2.94,3.08,0.55,0,0.92,YES,0,0,0
FRA_10573,CLM_109,IFR,2.77,2.72,7.29,0,0.99,YES,0,0,0
FRA_10574,CLM_341,IFR,1.46,0.59,68.03,2,0.43,NO,1,2,1
FRA_10575,CLM_350,IFR,1.05,0.42,63.04,2,0.4,YES,1,5,1
FRA_10576,CLM_104,IFR,2.73,2.63,0.99,0,0.94,YES,0,0,0
FRA_10577,CLM_218,IFR,2.6,2.61,7.88,0,0.99,YES,0,0,0
FRA_10578,CLM_473,CFR,1.13,1.14,1.8,0,0.86,YES,0,0,0
FRA_10579,CLM_164,IFR,2.97,3.06,5.09,0,0.93,YES,0,1,0
FRA_10580,CLM_245,CFR,2.09,2.11,8.09,0,0.99,YES,0,0,0
FRA_10581,CLM_323,IFR,2.84,2.91,2.34,0,0.93,YES,0,0,0
FRA_10582,CLM_338,CFR,3.43,3.59,2.9,0,0.91,YES,0,0,0
FRA_10583,CLM_276,CFR,1.09,1.14,3.63,0,0.87,YES,0,0,0
FRA_10584,CLM_381,IFR,0.57,0.56,5.86,0,0.96,YES,0,0,0
FRA_10585,CLM_162,IFR,3.23,5.81,89.57,4,0.63,NO,1,2,1
FRA_10586,CLM_316,CFR,2.63,4.74,39.3,3,0.47,NO,3,2,1
FRA_10587,CLM_560,IFR,2.95,2.98,1.07,0,0.96,YES,0,1,0
FRA_10588,CLM_204,IFR,3.43,3.48,3.7,0,0.98,YES,0,0,0
FRA_10589,CLM_198,IFR,3.31,3.22,2.01,0,0.9,YES,0,0,0
FRA_10590,CLM_610,CFR,3.86,3.73,2.64,0,0.96,YES,0,0,0
FRA_10591,CLM_484,CFR,2.38,2.34,2.85,0,0.88,YES,0,0,0
FRA_10592,CLM_504,CFR,2.21,2.25,0.3,0,0.86,YES,0,0,0
FRA_10593,CLM_617,IFR,1.91,1.97,0.05,1,0.87,YES,0,0,0
FRA_10594,CLM_575,CFR,1.04,1.04,6.59,0,0.92,YES,0,0,0
FRA_10595,CLM_536,IFR,2.5,2.57,4.83,0,0.87,YES,0,0,0
FRA_10596,CLM_122,IFR,1.47,2.65,60.31,4,0.57,YES,3,5,1
FRA_10597,CLM_664,IFR,3.72,3.64,0.52,0,0.97,YES,0,1,0
FRA_10598,CLM_557,IFR,2.54,2.54,4.16,1,0.88,YES,0,0,0
FRA_10599,CLM_182,IFR,2.57,6.44,57.78,4,0.51,NO,2,5,1
FRA_10600,CLM_244,IFR,1.74,1.69,5.66,0,0.86,YES,0,0,0
FRA_10601,CLM_184,IFR,0.68,0.69,6.98,0,0.9,YES,0,0,0
FRA_10602,CLM_177,IFR,0.61,0.61,1.29,1,0.92,YES,0,0,0
FRA_10603,CLM_556,IFR,1.98,2.03,4.98,0,0.97,YES,0,1,0
FRA_10604,CLM_100,IFR,0.8,0.81,0.47,0,0.96,YES,0,0,0
FRA_10605,CLM_150,IFR,2.62,2.55,8.82,0,0.96,YES,0,0,0
FRA_10606,CLM_545,IFR,3.58,3.56,0.07,0,0.9,YES,0,0,0
FRA_10607,CLM_548,IFR,3.59,3.65,7.03,1,0.93,YES,0,0,0
FRA_10608,CLM_587,IFR,2.81,2.93,6.42,0,0.87,YES,0,0,0
FRA_10609,CLM_133,IFR,1.24,1.22,6.6,0,0.88,YES,0,0,0
FRA_10610,CLM_447,IFR,3.52,3.37,4.13,0,0.92,YES,0,0,0
FRA_10611,CLM_194,IFR,3.6,3.72,7.71,0,0.88,YES,0,0,0
FRA_10612,CLM_171,IFR,1.19,0.48,85.1,3,0.49,YES,1,2,1
FRA_10613,CLM_650,CFR,3.08,3.17,3.69,0,0.97,YES,0,0,0
FRA_10614,CLM_253,IFR,1.5,1.53,1.6,0,0.91,YES,0,0,0
FRA_10615,CLM_349,IFR,3.31,3.38,8.21,0,0.95,YES,0,0,0
FRA_10616,CLM_537,IFR,3.99,3.94,6.9,0,0.9,YES,0,0,0
FRA_10617,CLM_217,IFR,0.61,1.51,49.47,2,0.4,YES,3,3,1
FRA_10618,CLM_405,IFR,3.64,3.53,5.04,0,0.89,YES,0,0,0
FRA_10619,CLM_367,IFR,2.68,2.64,7.48,0,0.97,YES,0,1,0
FRA_10620,CLM_153,IFR,3.91,4.02,6.04,0,0.86,YES,0,1,0
FRA_10621,CLM_335,IFR,2.13,2.1,1.52,0,0.89,YES,0,0,0
FRA_10622,CLM_488,IFR,3.47,3.5,4.46,0,0.89,YES,0,0,0
FRA_10623,CLM_500,CFR,0.72,0.29,86.78,2,0.61,NO,1,3,1
FRA_10624,CLM_402,CFR,1.67,1.75,0.78,0,0.97,YES,0,0,0
FRA_10625,CLM_306,IFR,0.73,0.29,64.22,2,0.51,YES,3,2,1
FRA_10626,CLM_328,CFR,3.91,3.91,1.2,0,0.89,YES,0,1,0
FRA_10627,CLM_677,IFR,3.36,3.5,9.43,0,0.95,YES,0,0,0
FRA_10628,CLM_174,IFR,3.48,3.36,6.01,0,0.92,YES,0,0,0
FRA_10629,CLM_534,IFR,3.78,9.46,66.3,4,0.55,NO,2,2,1
FRA_10630,CLM_202,IFR,0.8,0.77,5.74,0,0.93,YES,0,0,0
FRA_10631,CLM_521,CFR,1.85,1.82,7.65,0,0.92,YES,0,0,0
FRA_10632,CLM_405,IFR,0.75,0.71,6.54,0,0.9,YES,0,0,0
FRA_10633,CLM_197,CFR,1.24,1.19,9.23,0,0.87,YES,0,0,0
FRA_10634,CLM_434,IFR,1.3,1.31,8.36,0,0.89,YES,0,1,0
FRA_10635,CLM_534,CFR,2.14,2.04,2.01,1,0.94,YES,0,0,0
FRA_10636,CLM_546,IFR,1.44,1.38,0.28,0,0.98,YES,0,0,0
FRA_10637,CLM_407,IFR,0.85,0.87,9.18,0,0.88,YES,0,0,0
FRA_10638,CLM_348,IFR,1.09,1.13,8.04,0,0.95,YES,0,0,0
FRA_10639,CLM_265,IFR,1.02,1.06,1.22,0,0.98,YES,0,0,0
FRA_10640,CLM_580,IFR,3.91,3.9,0.7,0,0.9,YES,0,1,0
FRA_10641,CLM_434,IFR,3.16,7.89,89.7,3,0.51,YES,2,3,1
FRA_10642,CLM_641,CFR,3.89,4.05,1.97,1,0.96,YES,0,0,0
FRA_10643,CLM_205,IFR,2.04,5.1,42.95,4,0.41,YES,3,5,1
FRA_10644,CLM_662,IFR,1.47,1.51,2.19,0,0.94,YES,0,0,0
FRA_10645,CLM_180,IFR,3.29,3.16,9.62,0,0.89,YES,0,0,0
FRA_10646,CLM_232,IFR,1.64,1.64,4.62,0,0.94,YES,0,0,0
FRA_10647,CLM_237,IFR,1.55,1.53,6.29,0,0.96,YES,0,0,0
FRA_10648,CLM_283,IFR,1.31,1.36,4.58,0,0.89,YES,0,0,0
FRA_10649,CLM_500,IFR,0.95,0.99,3.78,0,0.86,YES,0,0,0
FRA_10650,CLM_429,IFR,1.4,1.47,7.7,0,0.93,YES,0,0,0
FRA_10651,CLM_607,IFR,1.74,1.73,7.8,0,0.88,YES,0,1,0
FRA_10652,CLM_168,IFR,2.86,2.89,3.8,0,0.94,YES,0,0,0
FRA_10653,CLM_645,IFR,0.72,0.72,5.05,0,0.97,YES,0,0,0
FRA_10654,CLM_152,IFR,1.24,1.19,7.66,1,0.99,YES,0,0,0
FRA_10655,CLM_549,IFR,3.33,3.21,5.18,0,0.99,YES,0,0,0
FRA_10656,CLM_304,IFR,1.01,0.99,4.07,0,0.97,YES,0,0,0
FRA_10657,CLM_225,IFR,1.7,1.64,2.67,0,0.87,YES,0,0,0
FRA_10658,CLM_142,CFR,3.53,3.55,7.15,1,0.99,YES,0,1,0
FRA_10659,CLM_210,IFR,1.04,1.02,1.32,0,0.98,YES,0,1,0
FRA_10660,CLM_282,CFR,0.79,0.82,1.1,1,0.91,YES,0,0,0
FRA_10661,CLM_194,IFR,2.2,2.18,0.46,0,0.9,YES,0,0,0
FRA_10662,CLM_473,IFR,1.56,1.58,8.69,0,0.92,YES,0,0,0
FRA_10663,CLM_619,IFR,2.47,2.57,1.2,0,0.89,YES,0,0,0
FRA_10664,CLM_459,CFR,3.31,3.37,8.63,0,0.97,YES,0,1,0
FRA_10665,CLM_380,IFR,0.98,1.02,2.65,1,0.9,YES,0,0,0
FRA_10666,CLM_294,CFR,2.53,2.42,0.44,0,0.92,YES,0,0,0
FRA_10667,CLM_294,CFR,2.27,4.08,84.02,3,0.3,YES,2,2,1
FRA_10668,CLM_192,IFR,1.0,0.97,3.86,0,0.9,YES,0,0,0
FRA_10669,CLM_160,IFR,2.68,4.83,43.85,3,0.47,YES,2,2,1
FRA_10670,CLM_150,IFR,1.46,1.4,7.58,0,0.94,YES,0,0,0
FRA_10671,CLM_502,IFR,2.21,2.13,6.23,0,0.93,YES,0,0,0
FRA_10672,CLM_104,CFR,0.79,0.77,9.48,0,0.96,YES,0,0,0
FRA_10673,CLM_565,CFR,2.11,2.03,4.93,0,1.0,YES,0,0,0
FRA_10674,CLM_633,IFR,1.57,1.57,3.64,0,0.87,YES,0,0,0
FRA_10675,CLM_504,IFR,3.38,3.3,8.88,0,0.99,YES,0,0,0
FRA_10676,CLM_612,CFR,0.7,0.69,7.89,0,1.0,YES,0,0,0
FRA_10677,CLM_332,IFR,1.97,1.93,3.63,0,1.0,YES,0,0,0
FRA_10678,CLM_623,CFR,2.1,2.14,4.43,1,0.89,YES,0,0,0
FRA_10679,CLM_445,IFR,3.04,3.03,7.03,0,0.88,YES,0,0,0
FRA_10680,CLM_145,IFR,2.51,2.57,1.89,0,0.88,YES,0,1,0
FRA_10681,CLM_645,IFR,2.84,2.96,5.18,0,0.89,YES,0,0,0
FRA_10682,CLM_177,IFR,3.22,3.15,6.54,0,0.99,YES,0,0,0
FRA_10683,CLM_172,IFR,3.52,6.33,55.99,2,0.51,NO,1,3,1
FRA_10684,CLM_348,IFR,1.6,1.59,7.07,1,0.9,YES,0,0,0
FRA_10685,CLM_146,IFR,2.38,0.95,45.11,4,0.69,YES,2,5,1
FRA_10686,CLM_220,IFR,3.44,3.57,7.04,0,0.93,YES,0,0,0
FRA_10687,CLM_313,CFR,3.96,3.96,3.73,0,0.94,YES,0,0,0
FRA_10688,CLM_338,IFR,3.61,3.76,6.74,0,0.86,YES,0,0,0
FRA_10689,CLM_155,IFR,1.8,1.73,0.79,0,0.91,YES,0,0,0
FRA_10690,CLM_449,IFR,1.18,0.47,76.03,3,0.37,YES,3,3,1
FRA_10691,CLM_206,IFR,2.21,2.25,3.25,0,1.0,YES,0,0,0
FRA_10692,CLM_147,IFR,3.1,3.07,6.5,0,0.97,YES,0,0,0
FRA_10693,CLM_672,IFR,2.22,2.17,0.62,0,0.98,YES,0,0,0
FRA_10694,CLM_436,IFR,2.19,2.14,0.66,0,0.94,YES,0,0,0
FRA_10695,CLM_125,IFR,3.43,1.37,70.1,4,0.57,YES,3,2,1
FRA_10696,CLM_356,IFR,1.76,1.78,4.24,0,0.89,YES,0,0,0
FRA_10697,CLM_107,IFR,3.51,3.5,5.43,0,0.88,YES,0,0,0
FRA_10698,CLM_352,CFR,1.92,1.97,1.96,0,0.91,YES,0,0,0
FRA_10699,CLM_402,IFR,1.65,1.64,3.68,0,0.9,YES,0,0,0
FRA_10700,CLM_155,IFR,2.09,2.12,2.86,0,0.88,YES,0,0,0
FRA_10701,CLM_625,IFR,3.17,3.02,8.97,0,0.88,YES,0,0,0
FRA_10702,CLM_573,IFR,0.94,0.91,6.39,0,0.87,YES,0,0,0
FRA_10703,CLM_127,IFR,1.19,1.17,7.08,0,0.89,YES,0,0,0
FRA_10704,CLM_177,IFR,3.83,3.68,5.36,0,0.89,YES,0,0,0
FRA_10705,CLM_315,CFR,1.11,1.16,9.99,0,0.91,YES,0,0,0
FRA_10706,CLM_485,IFR,2.49,2.43,4.79,0,0.99,YES,0,0,0
FRA_10707,CLM_464,IFR,2.53,2.5,3.84,0,0.95,YES,0,0,0
FRA_10708,CLM_625,IFR,2.21,2.18,8.18,0,0.98,YES,0,0,0
FRA_10709,CLM_411,IFR,2.76,2.73,4.97,0,0.85,YES,0,1,0
FRA_10710,CLM_106,IFR,1.3,1.3,3.43,0,0.92,YES,0,0,0
FRA_10711,CLM_102,IFR,2.43,2.41,6.79,0,0.99,YES,0,0,0
FRA_10712,CLM_462,IFR,1.8,1.86,1.09,0,0.9,YES,0,0,0
FRA_10713,CLM_607,CFR,2.82,2.92,0.78,0,0.98,YES,0,0,0
FRA_10714,CLM_373,IFR,0.99,1.01,5.43,0,0.87,YES,0,0,0
FRA_10715,CLM_605,IFR,2.5,2.51,9.46,0,0.9,YES,0,0,0
FRA_10716,CLM_114,IFR,1.15,1.2,8.37,1,0.85,YES,0,0,0
FRA_10717,CLM_291,IFR,1.48,1.49,8.21,0,0.89,YES,0,0,0
FRA_10718,CLM_584,IFR,1.27,1.21,3.69,0,0.93,YES,0,0,0
FRA_10719,CLM_127,IFR,1.14,1.12,6.13,0,0.93,YES,0,0,0
FRA_10720,CLM_138,IFR,3.39,3.31,0.85,0,0.88,YES,0,0,0
FRA_10721,CLM_372,CFR,1.5,1.55,7.01,0,0.9,YES,0,0,0
FRA_10722,CLM_330,IFR,3.74,3.71,1.92,0,0.94,YES,0,1,0
FRA_10723,CLM_185,IFR,3.89,3.76,0.47,0,0.89,YES,0,0,0
FRA_10724,CLM_573,CFR,2.5,2.55,9.46,0,0.95,YES,0,0,0
FRA_10725,CLM_225,IFR,1.0,1.01,4.5,0,0.93,YES,0,0,0
FRA_10726,CLM_636,IFR,1.81,1.87,7.36,0,0.87,YES,0,0,0
FRA_10727,CLM_244,IFR,3.29,3.29,8.94,1,0.86,YES,0,0,0
FRA_10728,CLM_624,IFR,1.79,1.7,3.67,0,0.87,YES,0,0,0
FRA_10729,CLM_311,IFR,0.8,0.77,1.69,0,0.96,YES,0,1,0
FRA_10730,CLM_124,CFR,2.45,2.5,6.72,0,0.85,YES,0,0,0
FRA_10731,CLM_679,IFR,3.46,3.47,6.75,0,0.96,YES,0,0,0
FRA_10732,CLM_493,IFR,3.29,3.15,1.92,0,0.96,YES,0,1,0
FRA_10733,CLM_166,IFR,1.11,1.07,9.9,0,0.85,YES,0,1,0
FRA_10734,CLM_332,IFR,2.85,2.79,6.68,0,0.94,YES,0,1,0
FRA_10735,CLM_208,IFR,1.27,2.29,85.44,4,0.38,NO,2,2,1
FRA_10736,CLM_245,IFR,1.26,1.23,3.13,0,0.99,YES,0,0,0
FRA_10737,CLM_210,CFR,3.56,8.9,37.34,2,0.43,YES,3,2,1
FRA_10738,CLM_327,IFR,1.37,1.33,6.76,0,0.96,YES,0,0,0
FRA_10739,CLM_210,IFR,1.42,2.56,74.04,2,0.48,YES,3,5,1
FRA_10740,CLM_569,IFR,0.5,0.5,6.03,0,1.0,YES,0,0,0
FRA_10741,CLM_133,IFR,3.55,3.39,3.27,0,0.86,YES,0,0,0
FRA_10742,CLM_468,IFR,3.27,3.26,3.33,0,0.89,YES,0,0,0
FRA_10743,CLM_694,IFR,2.7,2.75,5.15,0,0.9,YES,0,0,0
FRA_10744,CLM_653,CFR,3.13,2.99,1.47,0,0.97,YES,0,0,0
FRA_10745,CLM_524,IFR,1.03,1.06,7.16,0,0.92,YES,0,0,0
FRA_10746,CLM_617,IFR,2.1,2.01,6.21,0,0.93,YES,0,0,0
FRA_10747,CLM_381,CFR,1.73,1.69,6.43,0,0.98,YES,0,0,0
FRA_10748,CLM_419,CFR,0.83,0.85,5.61,0,0.93,YES,0,0,0
FRA_10749,CLM_542,IFR,2.2,2.22,7.49,1,0.86,YES,0,0,0
FRA_10750,CLM_414,IFR,3.72,9.31,45.35,4,0.52,YES,2,5,1
FRA_10751,CLM_476,IFR,0.64,0.63,1.69,0,0.96,YES,0,0,0
FRA_10752,CLM_388,CFR,1.52,0.61,43.49,4,0.54,YES,1,5,1
FRA_10753,CLM_536,CFR,1.23,1.22,6.9,0,0.89,YES,0,1,0
FRA_10754,CLM_376,IFR,1.33,1.37,6.45,0,0.86,YES,0,0,0
FRA_10755,CLM_681,CFR,3.68,3.7,7.62,0,0.98,YES,0,0,0
FRA_10756,CLM_602,IFR,2.14,2.11,2.37,0,0.86,YES,0,1,0
FRA_10757,CLM_615,IFR,2.13,2.07,9.22,0,1.0,YES,0,0,0
FRA_10758,CLM_449,IFR,3.16,3.3,0.05,0,0.99,YES,0,0,0
FRA_10759,CLM_545,CFR,1.04,1.0,4.25,1,0.93,YES,0,0,0
FRA_10760,CLM_449,IFR,2.21,5.51,35.05,3,0.44,YES,1,2,1
FRA_10761,CLM_236,CFR,2.0,2.01,7.27,0,0.87,YES,0,0,0
FRA_10762,CLM_342,CFR,2.59,2.49,8.06,1,0.91,YES,0,0,0
FRA_10763,CLM_642,IFR,4.0,3.82,0.14,1,0.87,YES,0,0,0
FRA_10764,CLM_139,IFR,3.19,3.29,8.89,0,0.93,YES,0,0,0
FRA_10765,CLM_328,IFR,1.89,1.98,6.03,0,0.85,YES,0,0,0
FRA_10766,CLM_647,IFR,3.4,3.42,9.36,0,1.0,YES,0,0,0
FRA_10767,CLM_322,IFR,1.1,1.13,8.4,0,0.9,YES,0,0,0
FRA_10768,CLM_105,IFR,0.61,0.63,2.99,1,0.88,YES,0,0,0
FRA_10769,CLM_421,CFR,1.22,1.23,7.5,0,0.99,YES,0,0,0
FRA_10770,CLM_567,IFR,1.69,1.66,6.38,0,0.89,YES,0,0,0
FRA_10771,CLM_174,IFR,2.29,2.37,5.0,0,0.91,YES,0,0,0
FRA_10772,CLM_103,IFR,2.65,2.77,6.04,1,0.88,YES,0,0,0
FRA_10773,CLM_217,IFR,3.69,3.82,6.81,0,0.89,YES,0,0,0
FRA_10774,CLM_603,IFR,2.28,2.27,6.71,0,0.91,YES,0,1,0
FRA_10775,CLM_673,IFR,2.25,4.06,65.39,4,0.31,NO,1,5,1
FRA_10776,CLM_540,CFR,0.68,0.65,4.32,0,0.93,YES,0,0,0
FRA_10777,CLM_293,IFR,0.62,0.65,9.06,0,0.9,YES,0,0,0
FRA_10778,CLM_491,CFR,2.43,2.41,7.28,0,0.98,YES,0,1,0
FRA_10779,CLM_125,CFR,2.03,2.0,5.61,0,0.88,YES,0,0,0
FRA_10780,CLM_534,IFR,3.44,3.34,8.77,0,0.92,YES,0,0,0
FRA_10781,CLM_272,CFR,1.06,1.08,3.83,0,0.94,YES,0,0,0
FRA_10782,CLM_399,IFR,0.59,0.56,4.65,0,0.94,YES,0,0,0
FRA_10783,CLM_425,CFR,2.07,2.07,1.18,0,0.9,YES,0,0,0
FRA_10784,CLM_509,IFR,1.33,1.37,2.96,0,0.91,YES,0,0,0
FRA_10785,CLM_217,CFR,0.67,0.66,1.36,0,0.86,YES,0,0,0
FRA_10786,CLM_324,CFR,3.04,2.89,6.27,0,1.0,YES,0,0,0
FRA_10787,CLM_631,CFR,0.89,0.88,3.58,0,0.98,YES,0,0,0
FRA_10788,CLM_212,CFR,2.63,1.05,54.73,2,0.51,NO,2,3,1
FRA_10789,CLM_239,IFR,1.48,1.51,0.45,0,0.92,YES,0,0,0
FRA_10790,CLM_658,IFR,1.11,1.15,1.05,0,0.88,YES,0,0,0
FRA_10791,CLM_100,IFR,1.83,1.8,4.0,0,0.93,YES,0,0,0
FRA_10792,CLM_189,IFR,3.31,3.29,4.91,0,0.96,YES,0,0,0
FRA_10793,CLM_419,IFR,1.87,1.83,8.85,0,0.88,YES,0,0,0
FRA_10794,CLM_649,IFR,3.13,3.22,0.44,1,0.87,YES,0,0,0
FRA_10795,CLM_238,CFR,0.94,0.93,4.92,0,0.91,YES,0,0,0
FRA_10796,CLM_610,IFR,3.2,3.06,0.02,0,0.95,YES,0,0,0
FRA_10797,CLM_358,CFR,1.33,1.28,4.11,0,0.96,YES,0,0,0
FRA_10798,CLM_109,IFR,2.87,2.75,9.4,0,0.98,YES,0,1,0
FRA_10799,CLM_360,CFR,2.48,2.55,1.69,0,0.97,YES,0,0,0
FRA_10800,CLM_271,CFR,3.75,3.69,2.63,0,0.93,YES,0,0,0
FRA_10801,CLM_112,IFR,1.86,1.83,4.75,0,0.95,YES,0,1,0
FRA_10802,CLM_267,IFR,0.73,0.71,3.81,0,0.94,YES,0,0,0
FRA_10803,CLM_695,CFR,0.57,0.59,2.79,1,0.86,YES,0,0,0
FRA_10804,CLM_420,IFR,3.39,3.24,8.94,0,0.95,YES,0,0,0
FRA_10805,CLM_418,IFR,2.34,2.25,0.39,0,0.9,YES,0,0,0
FRA_10806,CLM_428,IFR,3.21,3.2,5.98,0,0.89,YES,0,0,0
FRA_10807,CLM_649,IFR,1.32,1.31,8.95,1,0.95,YES,0,0,0
FRA_10808,CLM_518,IFR,1.71,4.27,37.15,4,0.36,YES,1,2,1
FRA_10809,CLM_194,IFR,0.61,0.62,7.09,0,0.88,YES,0,0,0
FRA_10810,CLM_680,IFR,3.87,3.76,4.39,0,0.97,YES,0,0,0
FRA_10811,CLM_417,IFR,2.84,2.92,8.39,0,0.88,YES,0,0,0
FRA_10812,CLM_335,CFR,3.77,3.7,1.17,0,0.88,YES,0,0,0
FRA_10813,CLM_433,IFR,1.43,1.49,1.04,0,0.95,YES,0,0,0
FRA_10814,CLM_475,CFR,2.64,2.75,5.68,0,0.96,YES,0,0,0
FRA_10815,CLM_558,IFR,2.87,7.19,37.38,2,0.57,YES,3,3,1
FRA_10816,CLM_236,IFR,1.61,1.6,3.0,0,0.89,YES,0,0,0
FRA_10817,CLM_687,IFR,3.47,3.37,2.5,0,0.94,YES,0,0,0
FRA_10818,CLM_646,IFR,3.82,3.91,2.14,0,0.97,YES,0,0,0
FRA_10819,CLM_612,IFR,3.6,3.44,6.11,0,0.97,YES,0,1,0
FRA_10820,CLM_395,IFR,3.09,3.2,7.77,0,0.97,YES,0,0,0
FRA_10821,CLM_419,IFR,1.47,1.41,4.57,1,0.98,YES,0,0,0
FRA_10822,CLM_671,IFR,1.49,1.52,8.06,0,0.92,YES,0,0,0
FRA_10823,CLM_448,IFR,3.87,3.85,1.13,0,0.99,YES,0,0,0
FRA_10824,CLM_328,IFR,0.54,0.55,3.58,0,0.95,YES,0,0,0
FRA_10825,CLM_369,IFR,3.01,3.11,1.23,0,0.91,YES,0,1,0
FRA_10826,CLM_390,CFR,2.97,2.87,0.1,0,0.97,YES,0,0,0
FRA_10827,CLM_264,IFR,2.68,2.61,1.3,0,0.86,YES,0,0,0
FRA_10828,CLM_104,IFR,3.97,3.88,5.55,0,0.93,YES,0,1,0
FRA_10829,CLM_478,CFR,1.59,1.66,3.61,0,0.96,YES,0,1,0
FRA_10830,CLM_177,IFR,1.69,1.68,5.3,0,0.98,YES,0,0,0
FRA_10831,CLM_509,IFR,0.78,1.4,86.76,3,0.52,NO,1,5,1
FRA_10832,CLM_673,CFR,2.05,1.96,1.91,0,0.94,YES,0,0,0
FRA_10833,CLM_231,IFR,1.41,1.48,3.89,0,0.97,YES,0,0,0
FRA_10834,CLM_141,IFR,1.7,4.25,60.67,3,0.55,NO,2,3,1
FRA_10835,CLM_188,IFR,3.42,3.58,6.63,0,0.89,YES,0,0,0
FRA_10836,CLM_501,IFR,3.77,3.68,1.72,0,0.89,YES,0,0,0
FRA_10837,CLM_395,IFR,1.15,1.11,6.55,0,0.85,YES,0,0,0
FRA_10838,CLM_394,IFR,1.8,1.88,8.67,0,0.97,YES,0,0,0
FRA_10839,CLM_625,IFR,3.75,3.93,3.74,0,0.86,YES,0,0,0
FRA_10840,CLM_521,IFR,0.72,0.75,5.39,0,0.87,YES,0,0,0
FRA_10841,CLM_122,CFR,0.82,0.84,3.74,1,0.85,YES,0,0,0
FRA_10842,CLM_674,CFR,1.07,1.11,3.21,0,0.93,YES,0,0,0
FRA_10843,CLM_242,IFR,2.58,2.48,9.43,0,0.88,YES,0,0,0
FRA_10844,CLM_244,IFR,1.03,1.01,4.02,0,0.99,YES,0,0,0
FRA_10845,CLM_324,IFR,3.89,3.86,4.81,0,0.9,YES,0,0,0
FRA_10846,CLM_602,IFR,2.06,2.1,4.36,0,0.97,YES,0,0,0
FRA_10847,CLM_203,IFR,2.26,5.64,52.91,2,0.42,NO,3,5,1
FRA_10848,CLM_138,IFR,1.36,0.55,38.38,4,0.3,NO,3,2,1
FRA_10849,CLM_297,CFR,2.15,2.25,2.89,0,0.89,YES,0,1,0
FRA_10850,CLM_678,IFR,2.82,5.07,54.82,4,0.65,NO,1,3,1
FRA_10851,CLM_490,IFR,3.13,3.04,3.78,0,0.95,YES,0,0,0
FRA_10852,CLM_278,IFR,3.14,7.85,76.02,4,0.46,YES,1,3,1
FRA_10853,CLM_653,IFR,2.52,2.56,2.55,0,0.86,YES,0,0,0
FRA_10854,CLM_547,CFR,3.67,3.54,1.74,0,0.85,YES,0,0,0
FRA_10855,CLM_599,IFR,3.36,3.32,5.07,0,0.9,YES,0,0,0
FRA_10856,CLM_114,CFR,3.15,3.22,8.71,0,0.86,YES,0,1,0
FRA_10857,CLM_388,IFR,0.69,0.68,5.51,0,0.87,YES,0,0,0
FRA_10858,CLM_577,IFR,0.52,0.53,2.03,0,0.97,YES,0,0,0
FRA_10859,CLM_330,IFR,1.24,1.19,5.48,0,0.97,YES,0,0,0
FRA_10860,CLM_519,IFR,2.82,2.72,7.1,0,0.85,YES,0,0,0
FRA_10861,CLM_256,IFR,1.94,1.91,6.69,0,0.94,YES,0,1,0
FRA_10862,CLM_649,CFR,1.91,1.97,9.21,1,0.85,YES,0,0,0
FRA_10863,CLM_540,IFR,3.6,3.56,8.6,0,1.0,YES,0,0,0
FRA_10864,CLM_196,IFR,3.63,3.74,0.86,0,0.96,YES,0,0,0
FRA_10865,CLM_510,IFR,3.68,3.8,0.14,0,0.9,YES,0,0,0
FRA_10866,CLM_388,IFR,1.6,1.63,3.42,0,0.86,YES,0,0,0
FRA_10867,CLM_353,IFR,2.92,2.92,7.42,0,0.91,YES,0,0,0
FRA_10868,CLM_295,CFR,1.45,0.58,45.76,2,0.31,YES,2,3,1
FRA_10869,CLM_697,CFR,1.17,1.2,1.28,1,0.95,YES,0,1,0
FRA_10870,CLM_621,CFR,1.15,1.14,4.37,0,0.86,YES,0,0,0
FRA_10871,CLM_616,IFR,1.7,3.06,72.06,3,0.31,YES,3,3,1
FRA_10872,CLM_217,IFR,2.0,1.96,7.09,0,0.86,YES,0,0,0
FRA_10873,CLM_258,IFR,3.41,3.3,3.38,0,0.93,YES,0,0,0
FRA_10874,CLM_327,IFR,0.92,0.9,0.29,0,0.91,YES,0,0,0
FRA_10875,CLM_315,CFR,3.07,3.18,7.47,0,0.92,YES,0,0,0
FRA_10876,CLM_114,IFR,2.36,2.41,2.06,0,0.86,YES,0,0,0
FRA_10877,CLM_256,IFR,1.51,1.45,9.03,0,0.92,YES,0,0,0
FRA_10878,CLM_360,IFR,2.22,2.25,8.03,0,0.97,YES,0,0,0
FRA_10879,CLM_256,IFR,1.55,3.87,55.12,2,0.61,YES,1,5,1
FRA_10880,CLM_146,IFR,2.59,2.46,0.12,0,0.86,YES,0,0,0
FRA_10881,CLM_423,IFR,2.02,2.09,0.98,0,0.99,YES,0,0,0
FRA_10882,CLM_229,IFR,1.08,1.07,7.63,0,0.9,YES,0,1,0
FRA_10883,CLM_510,IFR,0.91,0.91,5.28,1,0.98,YES,0,0,0
FRA_10884,CLM_194,IFR,2.41,2.3,6.26,0,0.95,YES,0,1,0
FRA_10885,CLM_391,CFR,3.66,3.79,4.49,0,0.92,YES,0,0,0
FRA_10886,CLM_382,CFR,1.7,1.72,5.38,0,0.89,YES,0,0,0
FRA_10887,CLM_168,CFR,3.07,3.07,1.61,0,0.9,YES,0,0,0
FRA_10888,CLM_110,CFR,2.81,2.68,8.3,0,0.95,YES,0,0,0
FRA_10889,CLM_353,IFR,3.76,3.68,4.7,1,0.97,YES,0,1,0
FRA_10890,CLM_649,IFR,3.37,3.46,1.76,0,0.94,YES,0,0,0
FRA_10891,CLM_233,IFR,2.48,2.43,8.07,0,0.9,YES,0,0,0
FRA_10892,CLM_122,IFR,2.8,2.9,3.56,0,0.98,YES,0,0,0
FRA_10893,CLM_445,CFR,3.64,3.49,0.02,0,0.9,YES,0,1,0
FRA_10894,CLM_401,IFR,1.9,1.95,7.61,1,0.98,YES,0,0,0
FRA_10895,CLM_462,CFR,1.64,1.59,7.46,0,0.92,YES,0,0,0
FRA_10896,CLM_495,IFR,0.54,0.97,35.69,4,0.61,NO,3,2,1
FRA_10897,CLM_317,IFR,3.39,3.22,8.72,0,0.96,YES,0,0,0
FRA_10898,CLM_240,IFR,3.3,3.23,4.97,0,0.88,YES,0,0,0
FRA_10899,CLM_309,CFR,0.87,0.89,6.69,0,0.96,YES,0,0,0
FRA_10900,CLM_559,IFR,2.52,1.01,50.6,3,0.4,YES,2,2,1
FRA_10901,CLM_455,IFR,2.12,2.18,6.74,0,0.95,YES,0,0,0
FRA_10902,CLM_423,IFR,0.92,0.37,89.71,4,0.56,NO,1,2,1
FRA_10903,CLM_232,IFR,3.93,9.83,76.14,2,0.51,NO,1,3,1
FRA_10904,CLM_226,IFR,1.25,1.2,3.09,0,0.99,YES,0,0,0
FRA_10905,CLM_205,IFR,0.74,1.32,38.34,2,0.66,YES,2,3,1
FRA_10906,CLM_477,IFR,2.58,2.59,7.82,0,0.91,YES,0,0,0
FRA_10907,CLM_150,IFR,3.09,2.97,4.2,0,0.86,YES,0,0,0
FRA_10908,CLM_128,IFR,0.61,0.63,0.18,1,0.86,YES,0,0,0
FRA_10909,CLM_561,IFR,2.81,2.92,9.41,0,0.89,YES,0,0,0
FRA_10910,CLM_395,IFR,2.36,2.35,1.39,0,0.98,YES,0,0,0
FRA_10911,CLM_396,IFR,0.86,0.87,9.27,0,0.95,YES,0,0,0
FRA_10912,CLM_506,IFR,1.1,0.44,70.77,3,0.69,YES,3,3,1
FRA_10913,CLM_504,IFR,2.49,2.48,8.57,0,0.87,YES,0,0,0
FRA_10914,CLM_445,CFR,1.54,1.53,2.64,0,0.87,YES,0,0,0
FRA_10915,CLM_519,IFR,3.78,9.46,44.41,3,0.34,NO,1,5,1
FRA_10916,CLM_281,IFR,3.37,1.35,75.8,2,0.66,NO,1,5,1
FRA_10917,CLM_100,IFR,3.94,1.58,69.62,3,0.43,NO,1,3,1
FRA_10918,CLM_666,IFR,1.41,1.46,5.86,0,0.97,YES,0,0,0
FRA_10919,CLM_470,CFR,3.89,9.74,55.12,4,0.45,NO,3,2,1
FRA_10920,CLM_530,IFR,2.01,1.93,6.48,0,0.91,YES,0,0,0
FRA_10921,CLM_408,IFR,1.72,1.64,5.94,0,0.97,YES,0,0,0
FRA_10922,CLM_236,IFR,0.68,0.7,6.56,0,0.92,YES,0,0,0
FRA_10923,CLM_301,IFR,0.68,0.71,9.0,0,0.89,YES,0,0,0
FRA_10924,CLM_535,IFR,2.92,2.89,2.87,0,0.98,YES,0,0,0
FRA_10925,CLM_412,CFR,2.1,2.14,1.73,0,0.86,YES,0,0,0
FRA_10926,CLM_216,IFR,1.29,1.33,8.85,0,0.92,YES,0,0,0
FRA_10927,CLM_674,IFR,2.65,2.75,7.63,0,0.95,YES,0,0,0
FRA_10928,CLM_343,IFR,1.39,1.32,4.03,1,0.96,YES,0,0,0
FRA_10929,CLM_636,CFR,2.52,2.53,3.48,0,0.95,YES,0,0,0
FRA_10930,CLM_174,IFR,1.76,1.79,8.61,0,0.92,YES,0,0,0
FRA_10931,CLM_485,CFR,3.38,3.45,2.5,0,0.98,YES,0,0,0
FRA_10932,CLM_309,IFR,3.37,3.51,9.93,0,0.88,YES,0,1,0
FRA_10933,CLM_574,IFR,2.17,2.27,0.98,0,0.87,YES,0,1,0
FRA_10934,CLM_517,IFR,1.73,4.32,69.94,4,0.64,NO,2,2,1
FRA_10935,CLM_446,IFR,1.77,1.74,2.6,0,0.92,YES,0,0,0
FRA_10936,CLM_628,IFR,3.32,3.45,5.43,1,0.97,YES,0,0,0
FRA_10937,CLM_278,CFR,1.65,1.72,5.05,0,0.9,YES,0,0,0
FRA_10938,CLM_281,IFR,1.23,1.22,5.47,0,0.92,YES,0,0,0
FRA_10939,CLM_124,IFR,0.8,0.83,5.89,0,0.95,YES,0,0,0
FRA_10940,CLM_279,IFR,2.13,2.23,5.0,0,0.92,YES,0,0,0
FRA_10941,CLM_600,CFR,2.19,2.27,3.95,1,0.92,YES,0,1,0
FRA_10942,CLM_260,CFR,3.44,3.27,8.99,1,0.99,YES,0,0,0
FRA_10943,CLM_276,IFR,1.27,1.23,6.54,0,0.86,YES,0,0,0
FRA_10944,CLM_384,CFR,1.83,1.84,5.46,0,0.88,YES,0,0,0
FRA_10945,CLM_162,IFR,3.33,3.36,1.48,0,0.99,YES,0,1,0
FRA_10946,CLM_255,IFR,3.38,3.55,8.82,0,0.95,YES,0,0,0
FRA_10947,CLM_568,IFR,1.85,1.87,3.09,0,0.93,YES,0,0,0
FRA_10948,CLM_148,CFR,2.11,2.17,0.12,0,0.85,YES,0,0,0
FRA_10949,CLM_183,IFR,1.56,3.9,70.37,4,0.48,NO,2,3,1
FRA_10950,CLM_460,IFR,3.76,1.51,73.89,2,0.66,YES,2,3,1
FRA_10951,CLM_247,IFR,0.92,0.89,6.38,0,0.96,YES,0,0,0
FRA_10952,CLM_441,CFR,3.77,3.86,8.47,0,0.85,YES,0,0,0
FRA_10953,CLM_575,IFR,2.89,3.01,8.24,0,0.96,YES,0,0,0
FRA_10954,CLM_162,IFR,2.36,2.46,8.32,0,0.95,YES,0,0,0
FRA_10955,CLM_459,IFR,0.61,0.62,4.25,0,0.97,YES,0,0,0
FRA_10956,CLM_660,IFR,2.16,0.87,93.92,3,0.33,NO,1,5,1
FRA_10957,CLM_426,IFR,1.93,4.82,60.13,3,0.39,YES,1,5,1
FRA_10958,CLM_240,CFR,1.06,1.06,9.32,0,0.96,YES,0,0,0
FRA_10959,CLM_314,IFR,2.8,2.88,8.32,0,0.88,YES,0,0,0
FRA_10960,CLM_534,IFR,3.9,3.99,4.18,0,0.87,YES,0,0,0
FRA_10961,CLM_417,IFR,2.47,2.41,2.49,0,0.86,YES,0,0,0
FRA_10962,CLM_131,CFR,3.0,2.93,5.38,1,0.98,YES,0,0,0
FRA_10963,CLM_384,IFR,0.74,0.71,5.35,0,0.9,YES,0,0,0
FRA_10964,CLM_404,IFR,1.96,1.92,7.72,0,0.97,YES,0,0,0
FRA_10965,CLM_528,CFR,0.91,0.88,4.36,0,0.85,YES,0,0,0
FRA_10966,CLM_576,CFR,2.64,2.56,1.14,0,0.99,YES,0,0,0
FRA_10967,CLM_385,CFR,3.78,6.81,78.0,3,0.5,NO,2,2,1
FRA_10968,CLM_243,CFR,2.82,2.89,4.93,0,0.87,YES,0,0,0
FRA_10969,CLM_523,IFR,0.77,0.79,2.82,0,0.93,YES,0,0,0
FRA_10970,CLM_118,CFR,1.74,1.77,6.05,0,0.86,YES,0,0,0
FRA_10971,CLM_117,IFR,2.43,2.38,0.86,0,0.9,YES,0,0,0
FRA_10972,CLM_689,CFR,1.91,1.86,6.27,0,1.0,YES,0,0,0
FRA_10973,CLM_470,IFR,3.42,3.29,4.17,0,0.93,YES,0,0,0
FRA_10974,CLM_274,CFR,3.35,3.38,0.62,0,0.85,YES,0,0,0
FRA_10975,CLM_293,IFR,2.64,2.69,3.09,0,0.97,YES,0,0,0
FRA_10976,CLM_601,IFR,1.81,0.72,69.41,3,0.52,NO,2,3,1
FRA_10977,CLM_212,IFR,1.39,1.35,5.12,1,0.95,YES,0,0,0
FRA_10978,CLM_213,CFR,0.87,0.87,4.97,0,0.99,YES,0,0,0
FRA_10979,CLM_321,CFR,1.74,1.83,4.2,0,0.87,YES,0,0,0
FRA_10980,CLM_363,IFR,1.95,1.9,8.36,0,0.97,YES,0,0,0
FRA_10981,CLM_154,IFR,2.87,2.96,2.01,0,0.95,YES,0,0,0
FRA_10982,CLM_557,IFR,2.8,2.86,2.24,0,0.99,YES,0,0,0
FRA_10983,CLM_261,IFR,0.75,0.72,7.93,1,0.88,YES,0,0,0
FRA_10984,CLM_479,CFR,1.88,0.75,61.57,2,0.67,NO,2,3,1
FRA_10985,CLM_186,IFR,1.14,2.05,76.89,4,0.46,NO,2,3,1
FRA_10986,CLM_154,IFR,1.05,2.62,93.83,4,0.54,NO,2,2,1
FRA_10987,CLM_575,CFR,3.4,3.25,9.43,0,0.99,YES,0,0,0
FRA_10988,CLM_277,IFR,0.65,0.66,6.07,0,0.95,YES,0,0,0
FRA_10989,CLM_490,IFR,1.97,1.98,9.86,0,0.97,YES,0,1,0
FRA_10990,CLM_448,IFR,1.09,1.06,0.84,0,0.93,YES,0,0,0
FRA_10991,CLM_107,IFR,3.58,3.56,5.71,0,0.86,YES,0,0,0
FRA_10992,CLM_412,IFR,2.45,2.53,1.58,0,0.94,YES,0,0,0
FRA_10993,CLM_542,IFR,1.31,1.26,9.8,0,0.88,YES,0,0,0
FRA_10994,CLM_427,IFR,2.26,2.3,6.09,0,0.86,YES,0,1,0
FRA_10995,CLM_153,CFR,3.06,3.03,3.13,0,0.91,YES,0,1,0
FRA_10996,CLM_338,IFR,3.85,4.02,3.03,0,0.97,YES,0,1,0
FRA_10997,CLM_328,CFR,1.27,1.24,5.77,0,0.97,YES,0,0,0
FRA_10998,CLM_678,IFR,3.6,3.62,3.39,0,0.95,YES,0,1,0
FRA_10999,CLM_150,IFR,3.77,6.79,55.45,3,0.41,NO,1,5,1
